00000000  E888150000        call 0x158d
00000005  EBFE              jmp 0x5
00000007  55                push ebp
00000008  89E5              mov ebp,esp
0000000A  83EC10            sub esp,0x10
0000000D  8B4508            mov eax,[ebp+0x8]
00000010  8945FC            mov [ebp-0x4],eax
00000013  EB0E              jmp 0x23
00000015  8B45FC            mov eax,[ebp-0x4]
00000018  8D5001            lea edx,[eax+0x1]
0000001B  8955FC            mov [ebp-0x4],edx
0000001E  8B550C            mov edx,[ebp+0xc]
00000021  8810              mov [eax],dl
00000023  8B4510            mov eax,[ebp+0x10]
00000026  8D50FF            lea edx,[eax-0x1]
00000029  895510            mov [ebp+0x10],edx
0000002C  85C0              test eax,eax
0000002E  75E5              jnz 0x15
00000030  8B4508            mov eax,[ebp+0x8]
00000033  C9                leave
00000034  C3                ret
00000035  55                push ebp
00000036  89E5              mov ebp,esp
00000038  83EC14            sub esp,0x14
0000003B  8B4508            mov eax,[ebp+0x8]
0000003E  668945EC          mov [ebp-0x14],ax
00000042  0FB745EC          movzx eax,word [ebp-0x14]
00000046  89C2              mov edx,eax
00000048  EC                in al,dx
00000049  8845FF            mov [ebp-0x1],al
0000004C  0FB645FF          movzx eax,byte [ebp-0x1]
00000050  C9                leave
00000051  C3                ret
00000052  55                push ebp
00000053  89E5              mov ebp,esp
00000055  83EC08            sub esp,0x8
00000058  8B4508            mov eax,[ebp+0x8]
0000005B  8B550C            mov edx,[ebp+0xc]
0000005E  668945FC          mov [ebp-0x4],ax
00000062  89D0              mov eax,edx
00000064  8845F8            mov [ebp-0x8],al
00000067  0FB645F8          movzx eax,byte [ebp-0x8]
0000006B  0FB755FC          movzx edx,word [ebp-0x4]
0000006F  EE                out dx,al
00000070  90                nop
00000071  C9                leave
00000072  C3                ret
00000073  55                push ebp
00000074  89E5              mov ebp,esp
00000076  83EC10            sub esp,0x10
00000079  C745FC00000000    mov dword [ebp-0x4],0x0
00000080  EB19              jmp 0x9b
00000082  8B55FC            mov edx,[ebp-0x4]
00000085  8B4508            mov eax,[ebp+0x8]
00000088  01D0              add eax,edx
0000008A  8B4DFC            mov ecx,[ebp-0x4]
0000008D  8B550C            mov edx,[ebp+0xc]
00000090  01CA              add edx,ecx
00000092  0FB600            movzx eax,byte [eax]
00000095  8802              mov [edx],al
00000097  8345FC01          add dword [ebp-0x4],0x1
0000009B  8B45FC            mov eax,[ebp-0x4]
0000009E  3B4510            cmp eax,[ebp+0x10]
000000A1  7CDF              jl 0x82
000000A3  90                nop
000000A4  90                nop
000000A5  C9                leave
000000A6  C3                ret
000000A7  55                push ebp
000000A8  89E5              mov ebp,esp
000000AA  83EC10            sub esp,0x10
000000AD  C745FC00000000    mov dword [ebp-0x4],0x0
000000B4  EB04              jmp 0xba
000000B6  8345FC01          add dword [ebp-0x4],0x1
000000BA  8B55FC            mov edx,[ebp-0x4]
000000BD  8B4508            mov eax,[ebp+0x8]
000000C0  01D0              add eax,edx
000000C2  0FB600            movzx eax,byte [eax]
000000C5  84C0              test al,al
000000C7  75ED              jnz 0xb6
000000C9  8B45FC            mov eax,[ebp-0x4]
000000CC  C9                leave
000000CD  C3                ret
000000CE  55                push ebp
000000CF  89E5              mov ebp,esp
000000D1  83EC10            sub esp,0x10
000000D4  C745FC00000000    mov dword [ebp-0x4],0x0
000000DB  FF7508            push dword [ebp+0x8]
000000DE  E8C4FFFFFF        call 0xa7
000000E3  83C404            add esp,0x4
000000E6  83E801            sub eax,0x1
000000E9  8945F8            mov [ebp-0x8],eax
000000EC  EB3B              jmp 0x129
000000EE  8B55FC            mov edx,[ebp-0x4]
000000F1  8B4508            mov eax,[ebp+0x8]
000000F4  01D0              add eax,edx
000000F6  0FB600            movzx eax,byte [eax]
000000F9  0FBEC0            movsx eax,al
000000FC  8945F4            mov [ebp-0xc],eax
000000FF  8B55F8            mov edx,[ebp-0x8]
00000102  8B4508            mov eax,[ebp+0x8]
00000105  01D0              add eax,edx
00000107  8B4DFC            mov ecx,[ebp-0x4]
0000010A  8B5508            mov edx,[ebp+0x8]
0000010D  01CA              add edx,ecx
0000010F  0FB600            movzx eax,byte [eax]
00000112  8802              mov [edx],al
00000114  8B55F8            mov edx,[ebp-0x8]
00000117  8B4508            mov eax,[ebp+0x8]
0000011A  01D0              add eax,edx
0000011C  8B55F4            mov edx,[ebp-0xc]
0000011F  8810              mov [eax],dl
00000121  8345FC01          add dword [ebp-0x4],0x1
00000125  836DF801          sub dword [ebp-0x8],0x1
00000129  8B45FC            mov eax,[ebp-0x4]
0000012C  3B45F8            cmp eax,[ebp-0x8]
0000012F  7CBD              jl 0xee
00000131  90                nop
00000132  90                nop
00000133  C9                leave
00000134  C3                ret
00000135  55                push ebp
00000136  89E5              mov ebp,esp
00000138  53                push ebx
00000139  83EC10            sub esp,0x10
0000013C  8B4508            mov eax,[ebp+0x8]
0000013F  8945F4            mov [ebp-0xc],eax
00000142  837DF400          cmp dword [ebp-0xc],0x0
00000146  7903              jns 0x14b
00000148  F75D08            neg dword [ebp+0x8]
0000014B  C745F800000000    mov dword [ebp-0x8],0x0
00000152  8B4D08            mov ecx,[ebp+0x8]
00000155  BA67666666        mov edx,0x66666667
0000015A  89C8              mov eax,ecx
0000015C  F7EA              imul edx
0000015E  89D0              mov eax,edx
00000160  C1F802            sar eax,byte 0x2
00000163  89CB              mov ebx,ecx
00000165  C1FB1F            sar ebx,byte 0x1f
00000168  29D8              sub eax,ebx
0000016A  89C2              mov edx,eax
0000016C  89D0              mov eax,edx
0000016E  C1E002            shl eax,byte 0x2
00000171  01D0              add eax,edx
00000173  01C0              add eax,eax
00000175  29C1              sub ecx,eax
00000177  89CA              mov edx,ecx
00000179  89D0              mov eax,edx
0000017B  8D4830            lea ecx,[eax+0x30]
0000017E  8B45F8            mov eax,[ebp-0x8]
00000181  8D5001            lea edx,[eax+0x1]
00000184  8955F8            mov [ebp-0x8],edx
00000187  89C2              mov edx,eax
00000189  8B450C            mov eax,[ebp+0xc]
0000018C  01D0              add eax,edx
0000018E  89CA              mov edx,ecx
00000190  8810              mov [eax],dl
00000192  8B4D08            mov ecx,[ebp+0x8]
00000195  BA67666666        mov edx,0x66666667
0000019A  89C8              mov eax,ecx
0000019C  F7EA              imul edx
0000019E  89D0              mov eax,edx
000001A0  C1F802            sar eax,byte 0x2
000001A3  C1F91F            sar ecx,byte 0x1f
000001A6  89CA              mov edx,ecx
000001A8  29D0              sub eax,edx
000001AA  894508            mov [ebp+0x8],eax
000001AD  837D0800          cmp dword [ebp+0x8],0x0
000001B1  7F9F              jg 0x152
000001B3  837DF400          cmp dword [ebp-0xc],0x0
000001B7  7913              jns 0x1cc
000001B9  8B45F8            mov eax,[ebp-0x8]
000001BC  8D5001            lea edx,[eax+0x1]
000001BF  8955F8            mov [ebp-0x8],edx
000001C2  89C2              mov edx,eax
000001C4  8B450C            mov eax,[ebp+0xc]
000001C7  01D0              add eax,edx
000001C9  C6002D            mov byte [eax],0x2d
000001CC  8B55F8            mov edx,[ebp-0x8]
000001CF  8B450C            mov eax,[ebp+0xc]
000001D2  01D0              add eax,edx
000001D4  C60000            mov byte [eax],0x0
000001D7  FF750C            push dword [ebp+0xc]
000001DA  E8EFFEFFFF        call 0xce
000001DF  83C404            add esp,0x4
000001E2  90                nop
000001E3  8B5DFC            mov ebx,[ebp-0x4]
000001E6  C9                leave
000001E7  C3                ret
000001E8  55                push ebp
000001E9  89E5              mov ebp,esp
000001EB  83EC28            sub esp,0x28
000001EE  E84E030000        call 0x541
000001F3  8945E8            mov [ebp-0x18],eax
000001F6  83EC0C            sub esp,0xc
000001F9  FF75E8            push dword [ebp-0x18]
000001FC  E890040000        call 0x691
00000201  83C410            add esp,0x10
00000204  8945F4            mov [ebp-0xc],eax
00000207  83EC0C            sub esp,0xc
0000020A  FF75E8            push dword [ebp-0x18]
0000020D  E862040000        call 0x674
00000212  83C410            add esp,0x10
00000215  8945F0            mov [ebp-0x10],eax
00000218  837DF400          cmp dword [ebp-0xc],0x0
0000021C  757D              jnz 0x29b
0000021E  837DF000          cmp dword [ebp-0x10],0x0
00000222  0F84B1000000      jz 0x2d9
00000228  836DF001          sub dword [ebp-0x10],0x1
0000022C  83EC08            sub esp,0x8
0000022F  FF75F0            push dword [ebp-0x10]
00000232  FF75F4            push dword [ebp-0xc]
00000235  E81F040000        call 0x659
0000023A  83C410            add esp,0x10
0000023D  8945E4            mov [ebp-0x1c],eax
00000240  C745E000800B00    mov dword [ebp-0x20],0xb8000
00000247  8B55E4            mov edx,[ebp-0x1c]
0000024A  8B45E0            mov eax,[ebp-0x20]
0000024D  01D0              add eax,edx
0000024F  0FB600            movzx eax,byte [eax]
00000252  3C20              cmp al,0x20
00000254  7449              jz 0x29f
00000256  C745EC01000000    mov dword [ebp-0x14],0x1
0000025D  EB34              jmp 0x293
0000025F  83EC08            sub esp,0x8
00000262  FF75F0            push dword [ebp-0x10]
00000265  FF75EC            push dword [ebp-0x14]
00000268  E8EC030000        call 0x659
0000026D  83C410            add esp,0x10
00000270  8945E4            mov [ebp-0x1c],eax
00000273  8B55E4            mov edx,[ebp-0x1c]
00000276  8B45E0            mov eax,[ebp-0x20]
00000279  01D0              add eax,edx
0000027B  0FB600            movzx eax,byte [eax]
0000027E  3C20              cmp al,0x20
00000280  750D              jnz 0x28f
00000282  8B45EC            mov eax,[ebp-0x14]
00000285  8945F4            mov [ebp-0xc],eax
00000288  C745EC4F000000    mov dword [ebp-0x14],0x4f
0000028F  8345EC01          add dword [ebp-0x14],0x1
00000293  837DEC4E          cmp dword [ebp-0x14],0x4e
00000297  7EC6              jng 0x25f
00000299  EB04              jmp 0x29f
0000029B  836DF401          sub dword [ebp-0xc],0x1
0000029F  83EC04            sub esp,0x4
000002A2  FF75F0            push dword [ebp-0x10]
000002A5  FF75F4            push dword [ebp-0xc]
000002A8  681C2F0000        push dword 0x2f1c
000002AD  E82A000000        call 0x2dc
000002B2  83C410            add esp,0x10
000002B5  83EC08            sub esp,0x8
000002B8  FF75F0            push dword [ebp-0x10]
000002BB  FF75F4            push dword [ebp-0xc]
000002BE  E896030000        call 0x659
000002C3  83C410            add esp,0x10
000002C6  8945DC            mov [ebp-0x24],eax
000002C9  83EC0C            sub esp,0xc
000002CC  FF75DC            push dword [ebp-0x24]
000002CF  E8C1020000        call 0x595
000002D4  83C410            add esp,0x10
000002D7  EB01              jmp 0x2da
000002D9  90                nop
000002DA  C9                leave
000002DB  C3                ret
000002DC  55                push ebp
000002DD  89E5              mov ebp,esp
000002DF  83EC18            sub esp,0x18
000002E2  837D0C00          cmp dword [ebp+0xc],0x0
000002E6  781C              js 0x304
000002E8  837D1000          cmp dword [ebp+0x10],0x0
000002EC  7816              js 0x304
000002EE  83EC08            sub esp,0x8
000002F1  FF7510            push dword [ebp+0x10]
000002F4  FF750C            push dword [ebp+0xc]
000002F7  E85D030000        call 0x659
000002FC  83C410            add esp,0x10
000002FF  8945F0            mov [ebp-0x10],eax
00000302  EB2A              jmp 0x32e
00000304  E838020000        call 0x541
00000309  8945F0            mov [ebp-0x10],eax
0000030C  83EC0C            sub esp,0xc
0000030F  FF75F0            push dword [ebp-0x10]
00000312  E85D030000        call 0x674
00000317  83C410            add esp,0x10
0000031A  894510            mov [ebp+0x10],eax
0000031D  83EC0C            sub esp,0xc
00000320  FF75F0            push dword [ebp-0x10]
00000323  E869030000        call 0x691
00000328  83C410            add esp,0x10
0000032B  89450C            mov [ebp+0xc],eax
0000032E  C745F400000000    mov dword [ebp-0xc],0x0
00000335  EB4C              jmp 0x383
00000337  8B45F4            mov eax,[ebp-0xc]
0000033A  8D5001            lea edx,[eax+0x1]
0000033D  8955F4            mov [ebp-0xc],edx
00000340  89C2              mov edx,eax
00000342  8B4508            mov eax,[ebp+0x8]
00000345  01D0              add eax,edx
00000347  0FB600            movzx eax,byte [eax]
0000034A  0FBEC0            movsx eax,al
0000034D  6A0F              push dword 0xf
0000034F  FF7510            push dword [ebp+0x10]
00000352  FF750C            push dword [ebp+0xc]
00000355  50                push eax
00000356  E856000000        call 0x3b1
0000035B  83C410            add esp,0x10
0000035E  8945F0            mov [ebp-0x10],eax
00000361  83EC0C            sub esp,0xc
00000364  FF75F0            push dword [ebp-0x10]
00000367  E808030000        call 0x674
0000036C  83C410            add esp,0x10
0000036F  894510            mov [ebp+0x10],eax
00000372  83EC0C            sub esp,0xc
00000375  FF75F0            push dword [ebp-0x10]
00000378  E814030000        call 0x691
0000037D  83C410            add esp,0x10
00000380  89450C            mov [ebp+0xc],eax
00000383  8B55F4            mov edx,[ebp-0xc]
00000386  8B4508            mov eax,[ebp+0x8]
00000389  01D0              add eax,edx
0000038B  0FB600            movzx eax,byte [eax]
0000038E  84C0              test al,al
00000390  75A5              jnz 0x337
00000392  90                nop
00000393  90                nop
00000394  C9                leave
00000395  C3                ret
00000396  55                push ebp
00000397  89E5              mov ebp,esp
00000399  83EC08            sub esp,0x8
0000039C  83EC04            sub esp,0x4
0000039F  6AFF              push dword 0xffffffffffffffff
000003A1  6AFF              push dword 0xffffffffffffffff
000003A3  FF7508            push dword [ebp+0x8]
000003A6  E831FFFFFF        call 0x2dc
000003AB  83C410            add esp,0x10
000003AE  90                nop
000003AF  C9                leave
000003B0  C3                ret
000003B1  55                push ebp
000003B2  89E5              mov ebp,esp
000003B4  53                push ebx
000003B5  83EC24            sub esp,0x24
000003B8  8B5508            mov edx,[ebp+0x8]
000003BB  8B4514            mov eax,[ebp+0x14]
000003BE  8855E4            mov [ebp-0x1c],dl
000003C1  8845E0            mov [ebp-0x20],al
000003C4  C745EC00800B00    mov dword [ebp-0x14],0xb8000
000003CB  807DE000          cmp byte [ebp-0x20],0x0
000003CF  7504              jnz 0x3d5
000003D1  C645E00F          mov byte [ebp-0x20],0xf
000003D5  837D0C4F          cmp dword [ebp+0xc],0x4f
000003D9  7F06              jg 0x3e1
000003DB  837D1018          cmp dword [ebp+0x10],0x18
000003DF  7E2C              jng 0x40d
000003E1  8B45EC            mov eax,[ebp-0x14]
000003E4  059E0F0000        add eax,0xf9e
000003E9  C60045            mov byte [eax],0x45
000003EC  8B45EC            mov eax,[ebp-0x14]
000003EF  059F0F0000        add eax,0xf9f
000003F4  C600F4            mov byte [eax],0xf4
000003F7  83EC08            sub esp,0x8
000003FA  FF7510            push dword [ebp+0x10]
000003FD  FF750C            push dword [ebp+0xc]
00000400  E854020000        call 0x659
00000405  83C410            add esp,0x10
00000408  E92F010000        jmp 0x53c
0000040D  837D0C00          cmp dword [ebp+0xc],0x0
00000411  781C              js 0x42f
00000413  837D1000          cmp dword [ebp+0x10],0x0
00000417  7816              js 0x42f
00000419  83EC08            sub esp,0x8
0000041C  FF7510            push dword [ebp+0x10]
0000041F  FF750C            push dword [ebp+0xc]
00000422  E832020000        call 0x659
00000427  83C410            add esp,0x10
0000042A  8945F4            mov [ebp-0xc],eax
0000042D  EB08              jmp 0x437
0000042F  E80D010000        call 0x541
00000434  8945F4            mov [ebp-0xc],eax
00000437  807DE40A          cmp byte [ebp-0x1c],0xa
0000043B  752A              jnz 0x467
0000043D  83EC0C            sub esp,0xc
00000440  FF75F4            push dword [ebp-0xc]
00000443  E82C020000        call 0x674
00000448  83C410            add esp,0x10
0000044B  894510            mov [ebp+0x10],eax
0000044E  8B4510            mov eax,[ebp+0x10]
00000451  83C001            add eax,0x1
00000454  83EC08            sub esp,0x8
00000457  50                push eax
00000458  6A00              push dword 0x0
0000045A  E8FA010000        call 0x659
0000045F  83C410            add esp,0x10
00000462  8945F4            mov [ebp-0xc],eax
00000465  EB23              jmp 0x48a
00000467  8B55F4            mov edx,[ebp-0xc]
0000046A  8B45EC            mov eax,[ebp-0x14]
0000046D  01C2              add edx,eax
0000046F  0FB645E4          movzx eax,byte [ebp-0x1c]
00000473  8802              mov [edx],al
00000475  8B45F4            mov eax,[ebp-0xc]
00000478  8D5001            lea edx,[eax+0x1]
0000047B  8B45EC            mov eax,[ebp-0x14]
0000047E  01C2              add edx,eax
00000480  0FB645E0          movzx eax,byte [ebp-0x20]
00000484  8802              mov [edx],al
00000486  8345F402          add dword [ebp-0xc],0x2
0000048A  817DF49F0F0000    cmp dword [ebp-0xc],0xf9f
00000491  0F8E94000000      jng 0x52b
00000497  C745F001000000    mov dword [ebp-0x10],0x1
0000049E  EB46              jmp 0x4e6
000004A0  8B45F0            mov eax,[ebp-0x10]
000004A3  83E801            sub eax,0x1
000004A6  83EC08            sub esp,0x8
000004A9  50                push eax
000004AA  6A00              push dword 0x0
000004AC  E8A8010000        call 0x659
000004B1  83C410            add esp,0x10
000004B4  0500800B00        add eax,0xb8000
000004B9  89C3              mov ebx,eax
000004BB  83EC08            sub esp,0x8
000004BE  FF75F0            push dword [ebp-0x10]
000004C1  6A00              push dword 0x0
000004C3  E891010000        call 0x659
000004C8  83C410            add esp,0x10
000004CB  0500800B00        add eax,0xb8000
000004D0  83EC04            sub esp,0x4
000004D3  68A0000000        push dword 0xa0
000004D8  53                push ebx
000004D9  50                push eax
000004DA  E894FBFFFF        call 0x73
000004DF  83C410            add esp,0x10
000004E2  8345F001          add dword [ebp-0x10],0x1
000004E6  837DF018          cmp dword [ebp-0x10],0x18
000004EA  7EB4              jng 0x4a0
000004EC  83EC08            sub esp,0x8
000004EF  6A18              push dword 0x18
000004F1  6A00              push dword 0x0
000004F3  E861010000        call 0x659
000004F8  83C410            add esp,0x10
000004FB  0500800B00        add eax,0xb8000
00000500  8945E8            mov [ebp-0x18],eax
00000503  C745F000000000    mov dword [ebp-0x10],0x0
0000050A  EB0F              jmp 0x51b
0000050C  8B55F0            mov edx,[ebp-0x10]
0000050F  8B45E8            mov eax,[ebp-0x18]
00000512  01D0              add eax,edx
00000514  C60000            mov byte [eax],0x0
00000517  8345F001          add dword [ebp-0x10],0x1
0000051B  817DF09F000000    cmp dword [ebp-0x10],0x9f
00000522  7EE8              jng 0x50c
00000524  816DF4A0000000    sub dword [ebp-0xc],0xa0
0000052B  83EC0C            sub esp,0xc
0000052E  FF75F4            push dword [ebp-0xc]
00000531  E85F000000        call 0x595
00000536  83C410            add esp,0x10
00000539  8B45F4            mov eax,[ebp-0xc]
0000053C  8B5DFC            mov ebx,[ebp-0x4]
0000053F  C9                leave
00000540  C3                ret
00000541  55                push ebp
00000542  89E5              mov ebp,esp
00000544  83EC10            sub esp,0x10
00000547  6A0E              push dword 0xe
00000549  68D4030000        push dword 0x3d4
0000054E  E8FFFAFFFF        call 0x52
00000553  83C408            add esp,0x8
00000556  68D5030000        push dword 0x3d5
0000055B  E8D5FAFFFF        call 0x35
00000560  83C404            add esp,0x4
00000563  0FB6C0            movzx eax,al
00000566  C1E008            shl eax,byte 0x8
00000569  8945FC            mov [ebp-0x4],eax
0000056C  6A0F              push dword 0xf
0000056E  68D4030000        push dword 0x3d4
00000573  E8DAFAFFFF        call 0x52
00000578  83C408            add esp,0x8
0000057B  68D5030000        push dword 0x3d5
00000580  E8B0FAFFFF        call 0x35
00000585  83C404            add esp,0x4
00000588  0FB6C0            movzx eax,al
0000058B  0145FC            add [ebp-0x4],eax
0000058E  8B45FC            mov eax,[ebp-0x4]
00000591  01C0              add eax,eax
00000593  C9                leave
00000594  C3                ret
00000595  55                push ebp
00000596  89E5              mov ebp,esp
00000598  8B4508            mov eax,[ebp+0x8]
0000059B  89C2              mov edx,eax
0000059D  C1EA1F            shr edx,byte 0x1f
000005A0  01D0              add eax,edx
000005A2  D1F8              sar eax,1
000005A4  894508            mov [ebp+0x8],eax
000005A7  6A0E              push dword 0xe
000005A9  68D4030000        push dword 0x3d4
000005AE  E89FFAFFFF        call 0x52
000005B3  83C408            add esp,0x8
000005B6  8B4508            mov eax,[ebp+0x8]
000005B9  C1F808            sar eax,byte 0x8
000005BC  0FB6C0            movzx eax,al
000005BF  50                push eax
000005C0  68D5030000        push dword 0x3d5
000005C5  E888FAFFFF        call 0x52
000005CA  83C408            add esp,0x8
000005CD  6A0F              push dword 0xf
000005CF  68D4030000        push dword 0x3d4
000005D4  E879FAFFFF        call 0x52
000005D9  83C408            add esp,0x8
000005DC  8B4508            mov eax,[ebp+0x8]
000005DF  0FB6C0            movzx eax,al
000005E2  50                push eax
000005E3  68D5030000        push dword 0x3d5
000005E8  E865FAFFFF        call 0x52
000005ED  83C408            add esp,0x8
000005F0  90                nop
000005F1  C9                leave
000005F2  C3                ret
000005F3  55                push ebp
000005F4  89E5              mov ebp,esp
000005F6  83EC18            sub esp,0x18
000005F9  C745F0D0070000    mov dword [ebp-0x10],0x7d0
00000600  C745EC00800B00    mov dword [ebp-0x14],0xb8000
00000607  C745F400000000    mov dword [ebp-0xc],0x0
0000060E  EB23              jmp 0x633
00000610  8B45F4            mov eax,[ebp-0xc]
00000613  01C0              add eax,eax
00000615  89C2              mov edx,eax
00000617  8B45EC            mov eax,[ebp-0x14]
0000061A  01D0              add eax,edx
0000061C  C60020            mov byte [eax],0x20
0000061F  8B45F4            mov eax,[ebp-0xc]
00000622  01C0              add eax,eax
00000624  8D5001            lea edx,[eax+0x1]
00000627  8B45EC            mov eax,[ebp-0x14]
0000062A  01D0              add eax,edx
0000062C  C6000F            mov byte [eax],0xf
0000062F  8345F401          add dword [ebp-0xc],0x1
00000633  8B45F4            mov eax,[ebp-0xc]
00000636  3B45F0            cmp eax,[ebp-0x10]
00000639  7CD5              jl 0x610
0000063B  83EC08            sub esp,0x8
0000063E  6A00              push dword 0x0
00000640  6A00              push dword 0x0
00000642  E812000000        call 0x659
00000647  83C410            add esp,0x10
0000064A  83EC0C            sub esp,0xc
0000064D  50                push eax
0000064E  E842FFFFFF        call 0x595
00000653  83C410            add esp,0x10
00000656  90                nop
00000657  C9                leave
00000658  C3                ret
00000659  55                push ebp
0000065A  89E5              mov ebp,esp
0000065C  8B550C            mov edx,[ebp+0xc]
0000065F  89D0              mov eax,edx
00000661  C1E002            shl eax,byte 0x2
00000664  01D0              add eax,edx
00000666  C1E004            shl eax,byte 0x4
00000669  89C2              mov edx,eax
0000066B  8B4508            mov eax,[ebp+0x8]
0000066E  01D0              add eax,edx
00000670  01C0              add eax,eax
00000672  5D                pop ebp
00000673  C3                ret
00000674  55                push ebp
00000675  89E5              mov ebp,esp
00000677  8B4D08            mov ecx,[ebp+0x8]
0000067A  BA67666666        mov edx,0x66666667
0000067F  89C8              mov eax,ecx
00000681  F7EA              imul edx
00000683  89D0              mov eax,edx
00000685  C1F806            sar eax,byte 0x6
00000688  C1F91F            sar ecx,byte 0x1f
0000068B  89CA              mov edx,ecx
0000068D  29D0              sub eax,edx
0000068F  5D                pop ebp
00000690  C3                ret
00000691  55                push ebp
00000692  89E5              mov ebp,esp
00000694  FF7508            push dword [ebp+0x8]
00000697  E8D8FFFFFF        call 0x674
0000069C  83C404            add esp,0x4
0000069F  69D060FFFFFF      imul edx,eax,0xffffff60
000006A5  8B4508            mov eax,[ebp+0x8]
000006A8  01D0              add eax,edx
000006AA  89C2              mov edx,eax
000006AC  C1EA1F            shr edx,byte 0x1f
000006AF  01D0              add eax,edx
000006B1  D1F8              sar eax,1
000006B3  C9                leave
000006B4  C3                ret
000006B5  55                push ebp
000006B6  89E5              mov ebp,esp
000006B8  8B450C            mov eax,[ebp+0xc]
000006BB  89C2              mov edx,eax
000006BD  8B4508            mov eax,[ebp+0x8]
000006C0  668914C500500000  mov [eax*8+0x5000],dx
000006C8  8B4508            mov eax,[ebp+0x8]
000006CB  66C704C502500000  mov word [eax*8+0x5002],0x8
         -0800
000006D5  8B4508            mov eax,[ebp+0x8]
000006D8  C604C50450000000  mov byte [eax*8+0x5004],0x0
000006E0  8B4508            mov eax,[ebp+0x8]
000006E3  C604C5055000008E  mov byte [eax*8+0x5005],0x8e
000006EB  8B450C            mov eax,[ebp+0xc]
000006EE  C1E810            shr eax,byte 0x10
000006F1  89C2              mov edx,eax
000006F3  8B4508            mov eax,[ebp+0x8]
000006F6  668914C506500000  mov [eax*8+0x5006],dx
000006FE  90                nop
000006FF  5D                pop ebp
00000700  C3                ret
00000701  55                push ebp
00000702  89E5              mov ebp,esp
00000704  B800580000        mov eax,0x5800
00000709  0F0118            lidt dword [eax]
0000070C  90                nop
0000070D  5D                pop ebp
0000070E  C3                ret
0000070F  55                push ebp
00000710  89E5              mov ebp,esp
00000712  83EC10            sub esp,0x10
00000715  B8E6280000        mov eax,0x28e6
0000071A  50                push eax
0000071B  6A00              push dword 0x0
0000071D  E893FFFFFF        call 0x6b5
00000722  83C408            add esp,0x8
00000725  B815290000        mov eax,0x2915
0000072A  50                push eax
0000072B  6A01              push dword 0x1
0000072D  E883FFFFFF        call 0x6b5
00000732  83C408            add esp,0x8
00000735  B844290000        mov eax,0x2944
0000073A  50                push eax
0000073B  6A02              push dword 0x2
0000073D  E873FFFFFF        call 0x6b5
00000742  83C408            add esp,0x8
00000745  B873290000        mov eax,0x2973
0000074A  50                push eax
0000074B  6A03              push dword 0x3
0000074D  E863FFFFFF        call 0x6b5
00000752  83C408            add esp,0x8
00000755  B8A2290000        mov eax,0x29a2
0000075A  50                push eax
0000075B  6A04              push dword 0x4
0000075D  E853FFFFFF        call 0x6b5
00000762  83C408            add esp,0x8
00000765  B8D1290000        mov eax,0x29d1
0000076A  50                push eax
0000076B  6A05              push dword 0x5
0000076D  E843FFFFFF        call 0x6b5
00000772  83C408            add esp,0x8
00000775  B8002A0000        mov eax,0x2a00
0000077A  50                push eax
0000077B  6A06              push dword 0x6
0000077D  E833FFFFFF        call 0x6b5
00000782  83C408            add esp,0x8
00000785  B82F2A0000        mov eax,0x2a2f
0000078A  50                push eax
0000078B  6A07              push dword 0x7
0000078D  E823FFFFFF        call 0x6b5
00000792  83C408            add esp,0x8
00000795  B85E2A0000        mov eax,0x2a5e
0000079A  50                push eax
0000079B  6A08              push dword 0x8
0000079D  E813FFFFFF        call 0x6b5
000007A2  83C408            add esp,0x8
000007A5  B88D2A0000        mov eax,0x2a8d
000007AA  50                push eax
000007AB  6A09              push dword 0x9
000007AD  E803FFFFFF        call 0x6b5
000007B2  83C408            add esp,0x8
000007B5  B8BC2A0000        mov eax,0x2abc
000007BA  50                push eax
000007BB  6A0A              push dword 0xa
000007BD  E8F3FEFFFF        call 0x6b5
000007C2  83C408            add esp,0x8
000007C5  B8EB2A0000        mov eax,0x2aeb
000007CA  50                push eax
000007CB  6A0B              push dword 0xb
000007CD  E8E3FEFFFF        call 0x6b5
000007D2  83C408            add esp,0x8
000007D5  B81A2B0000        mov eax,0x2b1a
000007DA  50                push eax
000007DB  6A0C              push dword 0xc
000007DD  E8D3FEFFFF        call 0x6b5
000007E2  83C408            add esp,0x8
000007E5  B8492B0000        mov eax,0x2b49
000007EA  50                push eax
000007EB  6A0D              push dword 0xd
000007ED  E8C3FEFFFF        call 0x6b5
000007F2  83C408            add esp,0x8
000007F5  B8782B0000        mov eax,0x2b78
000007FA  50                push eax
000007FB  6A0E              push dword 0xe
000007FD  E8B3FEFFFF        call 0x6b5
00000802  83C408            add esp,0x8
00000805  B8A72B0000        mov eax,0x2ba7
0000080A  50                push eax
0000080B  6A0F              push dword 0xf
0000080D  E8A3FEFFFF        call 0x6b5
00000812  83C408            add esp,0x8
00000815  B8D62B0000        mov eax,0x2bd6
0000081A  50                push eax
0000081B  6A10              push dword 0x10
0000081D  E893FEFFFF        call 0x6b5
00000822  83C408            add esp,0x8
00000825  B8052C0000        mov eax,0x2c05
0000082A  50                push eax
0000082B  6A11              push dword 0x11
0000082D  E883FEFFFF        call 0x6b5
00000832  83C408            add esp,0x8
00000835  B8342C0000        mov eax,0x2c34
0000083A  50                push eax
0000083B  6A12              push dword 0x12
0000083D  E873FEFFFF        call 0x6b5
00000842  83C408            add esp,0x8
00000845  B8632C0000        mov eax,0x2c63
0000084A  50                push eax
0000084B  6A13              push dword 0x13
0000084D  E863FEFFFF        call 0x6b5
00000852  83C408            add esp,0x8
00000855  B8922C0000        mov eax,0x2c92
0000085A  50                push eax
0000085B  6A14              push dword 0x14
0000085D  E853FEFFFF        call 0x6b5
00000862  83C408            add esp,0x8
00000865  B8C12C0000        mov eax,0x2cc1
0000086A  50                push eax
0000086B  6A15              push dword 0x15
0000086D  E843FEFFFF        call 0x6b5
00000872  83C408            add esp,0x8
00000875  B8F02C0000        mov eax,0x2cf0
0000087A  50                push eax
0000087B  6A16              push dword 0x16
0000087D  E833FEFFFF        call 0x6b5
00000882  83C408            add esp,0x8
00000885  B81F2D0000        mov eax,0x2d1f
0000088A  50                push eax
0000088B  6A17              push dword 0x17
0000088D  E823FEFFFF        call 0x6b5
00000892  83C408            add esp,0x8
00000895  B84E2D0000        mov eax,0x2d4e
0000089A  50                push eax
0000089B  6A18              push dword 0x18
0000089D  E813FEFFFF        call 0x6b5
000008A2  83C408            add esp,0x8
000008A5  B87D2D0000        mov eax,0x2d7d
000008AA  50                push eax
000008AB  6A19              push dword 0x19
000008AD  E803FEFFFF        call 0x6b5
000008B2  83C408            add esp,0x8
000008B5  B8AC2D0000        mov eax,0x2dac
000008BA  50                push eax
000008BB  6A1A              push dword 0x1a
000008BD  E8F3FDFFFF        call 0x6b5
000008C2  83C408            add esp,0x8
000008C5  B8DB2D0000        mov eax,0x2ddb
000008CA  50                push eax
000008CB  6A1B              push dword 0x1b
000008CD  E8E3FDFFFF        call 0x6b5
000008D2  83C408            add esp,0x8
000008D5  B80A2E0000        mov eax,0x2e0a
000008DA  50                push eax
000008DB  6A1C              push dword 0x1c
000008DD  E8D3FDFFFF        call 0x6b5
000008E2  83C408            add esp,0x8
000008E5  B8392E0000        mov eax,0x2e39
000008EA  50                push eax
000008EB  6A1D              push dword 0x1d
000008ED  E8C3FDFFFF        call 0x6b5
000008F2  83C408            add esp,0x8
000008F5  B8682E0000        mov eax,0x2e68
000008FA  50                push eax
000008FB  6A1E              push dword 0x1e
000008FD  E8B3FDFFFF        call 0x6b5
00000902  83C408            add esp,0x8
00000905  B8972E0000        mov eax,0x2e97
0000090A  50                push eax
0000090B  6A1F              push dword 0x1f
0000090D  E8A3FDFFFF        call 0x6b5
00000912  83C408            add esp,0x8
00000915  66C70500580000FF  mov word [0x5800],0x7ff
         -07
0000091E  B800500000        mov eax,0x5000
00000923  A302580000        mov [0x5802],eax
00000928  6A11              push dword 0x11
0000092A  6A20              push dword 0x20
0000092C  E821F7FFFF        call 0x52
00000931  83C408            add esp,0x8
00000934  6A11              push dword 0x11
00000936  68A0000000        push dword 0xa0
0000093B  E812F7FFFF        call 0x52
00000940  83C408            add esp,0x8
00000943  6A20              push dword 0x20
00000945  6A21              push dword 0x21
00000947  E806F7FFFF        call 0x52
0000094C  83C408            add esp,0x8
0000094F  6A28              push dword 0x28
00000951  68A1000000        push dword 0xa1
00000956  E8F7F6FFFF        call 0x52
0000095B  83C408            add esp,0x8
0000095E  6A04              push dword 0x4
00000960  6A21              push dword 0x21
00000962  E8EBF6FFFF        call 0x52
00000967  83C408            add esp,0x8
0000096A  6A02              push dword 0x2
0000096C  68A1000000        push dword 0xa1
00000971  E8DCF6FFFF        call 0x52
00000976  83C408            add esp,0x8
00000979  6A01              push dword 0x1
0000097B  6A21              push dword 0x21
0000097D  E8D0F6FFFF        call 0x52
00000982  83C408            add esp,0x8
00000985  6A01              push dword 0x1
00000987  68A1000000        push dword 0xa1
0000098C  E8C1F6FFFF        call 0x52
00000991  83C408            add esp,0x8
00000994  6A00              push dword 0x0
00000996  6A21              push dword 0x21
00000998  E8B5F6FFFF        call 0x52
0000099D  83C408            add esp,0x8
000009A0  6A00              push dword 0x0
000009A2  68A1000000        push dword 0xa1
000009A7  E8A6F6FFFF        call 0x52
000009AC  83C408            add esp,0x8
000009AF  B8C62E0000        mov eax,0x2ec6
000009B4  50                push eax
000009B5  6A20              push dword 0x20
000009B7  E8F9FCFFFF        call 0x6b5
000009BC  83C408            add esp,0x8
000009BF  6A21              push dword 0x21
000009C1  E86FF6FFFF        call 0x35
000009C6  83C404            add esp,0x4
000009C9  8845FF            mov [ebp-0x1],al
000009CC  8065FFFD          and byte [ebp-0x1],0xfd
000009D0  0FB645FF          movzx eax,byte [ebp-0x1]
000009D4  50                push eax
000009D5  6A21              push dword 0x21
000009D7  E876F6FFFF        call 0x52
000009DC  83C408            add esp,0x8
000009DF  B8F02E0000        mov eax,0x2ef0
000009E4  50                push eax
000009E5  6A21              push dword 0x21
000009E7  E8C9FCFFFF        call 0x6b5
000009EC  83C408            add esp,0x8
000009EF  E80DFDFFFF        call 0x701
000009F4  90                nop
000009F5  C9                leave
000009F6  C3                ret
000009F7  55                push ebp
000009F8  89E5              mov ebp,esp
000009FA  83EC18            sub esp,0x18
000009FD  6A64              push dword 0x64
000009FF  E831F6FFFF        call 0x35
00000A04  83C404            add esp,0x4
00000A07  0FB6C0            movzx eax,al
00000A0A  83E001            and eax,0x1
00000A0D  85C0              test eax,eax
00000A0F  742C              jz 0xa3d
00000A11  6A60              push dword 0x60
00000A13  E81DF6FFFF        call 0x35
00000A18  83C404            add esp,0x4
00000A1B  8845F7            mov [ebp-0x9],al
00000A1E  807DF7E0          cmp byte [ebp-0x9],0xe0
00000A22  7509              jnz 0xa2d
00000A24  C6050658000001    mov byte [0x5806],0x1
00000A2B  EB10              jmp 0xa3d
00000A2D  0FB645F7          movzx eax,byte [ebp-0x9]
00000A31  83EC0C            sub esp,0xc
00000A34  50                push eax
00000A35  E805000000        call 0xa3f
00000A3A  83C410            add esp,0x10
00000A3D  C9                leave
00000A3E  C3                ret
00000A3F  55                push ebp
00000A40  89E5              mov ebp,esp
00000A42  83EC18            sub esp,0x18
00000A45  8B4508            mov eax,[ebp+0x8]
00000A48  8845F4            mov [ebp-0xc],al
00000A4B  0FB60506580000    movzx eax,byte [0x5806]
00000A52  84C0              test al,al
00000A54  740C              jz 0xa62
00000A56  C6050658000000    mov byte [0x5806],0x0
00000A5D  E91B080000        jmp 0x127d
00000A62  0FB645F4          movzx eax,byte [ebp-0xc]
00000A66  83F83A            cmp eax,0x3a
00000A69  0F870D080000      ja 0x127c
00000A6F  8B0485E42F0000    mov eax,[eax*4+0x2fe4]
00000A76  FFE0              jmp eax
00000A78  83EC0C            sub esp,0xc
00000A7B  681E2F0000        push dword 0x2f1e
00000A80  E811F9FFFF        call 0x396
00000A85  83C410            add esp,0x10
00000A88  E9F0070000        jmp 0x127d
00000A8D  83EC0C            sub esp,0xc
00000A90  68242F0000        push dword 0x2f24
00000A95  E8FCF8FFFF        call 0x396
00000A9A  83C410            add esp,0x10
00000A9D  E9DB070000        jmp 0x127d
00000AA2  83EC0C            sub esp,0xc
00000AA5  68282F0000        push dword 0x2f28
00000AAA  E8E7F8FFFF        call 0x396
00000AAF  83C410            add esp,0x10
00000AB2  E9C6070000        jmp 0x127d
00000AB7  83EC0C            sub esp,0xc
00000ABA  682A2F0000        push dword 0x2f2a
00000ABF  E8D2F8FFFF        call 0x396
00000AC4  83C410            add esp,0x10
00000AC7  E9B1070000        jmp 0x127d
00000ACC  83EC0C            sub esp,0xc
00000ACF  682C2F0000        push dword 0x2f2c
00000AD4  E8BDF8FFFF        call 0x396
00000AD9  83C410            add esp,0x10
00000ADC  E99C070000        jmp 0x127d
00000AE1  83EC0C            sub esp,0xc
00000AE4  682E2F0000        push dword 0x2f2e
00000AE9  E8A8F8FFFF        call 0x396
00000AEE  83C410            add esp,0x10
00000AF1  E987070000        jmp 0x127d
00000AF6  83EC0C            sub esp,0xc
00000AF9  68302F0000        push dword 0x2f30
00000AFE  E893F8FFFF        call 0x396
00000B03  83C410            add esp,0x10
00000B06  E972070000        jmp 0x127d
00000B0B  83EC0C            sub esp,0xc
00000B0E  68322F0000        push dword 0x2f32
00000B13  E87EF8FFFF        call 0x396
00000B18  83C410            add esp,0x10
00000B1B  E95D070000        jmp 0x127d
00000B20  83EC0C            sub esp,0xc
00000B23  68342F0000        push dword 0x2f34
00000B28  E869F8FFFF        call 0x396
00000B2D  83C410            add esp,0x10
00000B30  E948070000        jmp 0x127d
00000B35  83EC0C            sub esp,0xc
00000B38  68362F0000        push dword 0x2f36
00000B3D  E854F8FFFF        call 0x396
00000B42  83C410            add esp,0x10
00000B45  E933070000        jmp 0x127d
00000B4A  83EC0C            sub esp,0xc
00000B4D  68382F0000        push dword 0x2f38
00000B52  E83FF8FFFF        call 0x396
00000B57  83C410            add esp,0x10
00000B5A  E91E070000        jmp 0x127d
00000B5F  83EC0C            sub esp,0xc
00000B62  683A2F0000        push dword 0x2f3a
00000B67  E82AF8FFFF        call 0x396
00000B6C  83C410            add esp,0x10
00000B6F  E909070000        jmp 0x127d
00000B74  83EC0C            sub esp,0xc
00000B77  683C2F0000        push dword 0x2f3c
00000B7C  E815F8FFFF        call 0x396
00000B81  83C410            add esp,0x10
00000B84  E9F4060000        jmp 0x127d
00000B89  83EC0C            sub esp,0xc
00000B8C  683E2F0000        push dword 0x2f3e
00000B91  E800F8FFFF        call 0x396
00000B96  83C410            add esp,0x10
00000B99  E9DF060000        jmp 0x127d
00000B9E  E845F6FFFF        call 0x1e8
00000BA3  E9D5060000        jmp 0x127d
00000BA8  83EC0C            sub esp,0xc
00000BAB  68402F0000        push dword 0x2f40
00000BB0  E8E1F7FFFF        call 0x396
00000BB5  83C410            add esp,0x10
00000BB8  E9C0060000        jmp 0x127d
00000BBD  0FB60507580000    movzx eax,byte [0x5807]
00000BC4  84C0              test al,al
00000BC6  7415              jz 0xbdd
00000BC8  83EC0C            sub esp,0xc
00000BCB  68442F0000        push dword 0x2f44
00000BD0  E8C1F7FFFF        call 0x396
00000BD5  83C410            add esp,0x10
00000BD8  E9A0060000        jmp 0x127d
00000BDD  83EC0C            sub esp,0xc
00000BE0  68462F0000        push dword 0x2f46
00000BE5  E8ACF7FFFF        call 0x396
00000BEA  83C410            add esp,0x10
00000BED  E98B060000        jmp 0x127d
00000BF2  0FB60507580000    movzx eax,byte [0x5807]
00000BF9  84C0              test al,al
00000BFB  7415              jz 0xc12
00000BFD  83EC0C            sub esp,0xc
00000C00  68482F0000        push dword 0x2f48
00000C05  E88CF7FFFF        call 0x396
00000C0A  83C410            add esp,0x10
00000C0D  E96B060000        jmp 0x127d
00000C12  83EC0C            sub esp,0xc
00000C15  684A2F0000        push dword 0x2f4a
00000C1A  E877F7FFFF        call 0x396
00000C1F  83C410            add esp,0x10
00000C22  E956060000        jmp 0x127d
00000C27  0FB60507580000    movzx eax,byte [0x5807]
00000C2E  84C0              test al,al
00000C30  7415              jz 0xc47
00000C32  83EC0C            sub esp,0xc
00000C35  684C2F0000        push dword 0x2f4c
00000C3A  E857F7FFFF        call 0x396
00000C3F  83C410            add esp,0x10
00000C42  E936060000        jmp 0x127d
00000C47  83EC0C            sub esp,0xc
00000C4A  684E2F0000        push dword 0x2f4e
00000C4F  E842F7FFFF        call 0x396
00000C54  83C410            add esp,0x10
00000C57  E921060000        jmp 0x127d
00000C5C  0FB60507580000    movzx eax,byte [0x5807]
00000C63  84C0              test al,al
00000C65  7415              jz 0xc7c
00000C67  83EC0C            sub esp,0xc
00000C6A  68502F0000        push dword 0x2f50
00000C6F  E822F7FFFF        call 0x396
00000C74  83C410            add esp,0x10
00000C77  E901060000        jmp 0x127d
00000C7C  83EC0C            sub esp,0xc
00000C7F  68522F0000        push dword 0x2f52
00000C84  E80DF7FFFF        call 0x396
00000C89  83C410            add esp,0x10
00000C8C  E9EC050000        jmp 0x127d
00000C91  0FB60507580000    movzx eax,byte [0x5807]
00000C98  84C0              test al,al
00000C9A  7415              jz 0xcb1
00000C9C  83EC0C            sub esp,0xc
00000C9F  68542F0000        push dword 0x2f54
00000CA4  E8EDF6FFFF        call 0x396
00000CA9  83C410            add esp,0x10
00000CAC  E9CC050000        jmp 0x127d
00000CB1  83EC0C            sub esp,0xc
00000CB4  68562F0000        push dword 0x2f56
00000CB9  E8D8F6FFFF        call 0x396
00000CBE  83C410            add esp,0x10
00000CC1  E9B7050000        jmp 0x127d
00000CC6  0FB60507580000    movzx eax,byte [0x5807]
00000CCD  84C0              test al,al
00000CCF  7415              jz 0xce6
00000CD1  83EC0C            sub esp,0xc
00000CD4  68582F0000        push dword 0x2f58
00000CD9  E8B8F6FFFF        call 0x396
00000CDE  83C410            add esp,0x10
00000CE1  E997050000        jmp 0x127d
00000CE6  83EC0C            sub esp,0xc
00000CE9  685A2F0000        push dword 0x2f5a
00000CEE  E8A3F6FFFF        call 0x396
00000CF3  83C410            add esp,0x10
00000CF6  E982050000        jmp 0x127d
00000CFB  0FB60507580000    movzx eax,byte [0x5807]
00000D02  84C0              test al,al
00000D04  7415              jz 0xd1b
00000D06  83EC0C            sub esp,0xc
00000D09  685C2F0000        push dword 0x2f5c
00000D0E  E883F6FFFF        call 0x396
00000D13  83C410            add esp,0x10
00000D16  E962050000        jmp 0x127d
00000D1B  83EC0C            sub esp,0xc
00000D1E  685E2F0000        push dword 0x2f5e
00000D23  E86EF6FFFF        call 0x396
00000D28  83C410            add esp,0x10
00000D2B  E94D050000        jmp 0x127d
00000D30  0FB60507580000    movzx eax,byte [0x5807]
00000D37  84C0              test al,al
00000D39  7415              jz 0xd50
00000D3B  83EC0C            sub esp,0xc
00000D3E  68602F0000        push dword 0x2f60
00000D43  E84EF6FFFF        call 0x396
00000D48  83C410            add esp,0x10
00000D4B  E92D050000        jmp 0x127d
00000D50  83EC0C            sub esp,0xc
00000D53  68622F0000        push dword 0x2f62
00000D58  E839F6FFFF        call 0x396
00000D5D  83C410            add esp,0x10
00000D60  E918050000        jmp 0x127d
00000D65  0FB60507580000    movzx eax,byte [0x5807]
00000D6C  84C0              test al,al
00000D6E  7415              jz 0xd85
00000D70  83EC0C            sub esp,0xc
00000D73  68642F0000        push dword 0x2f64
00000D78  E819F6FFFF        call 0x396
00000D7D  83C410            add esp,0x10
00000D80  E9F8040000        jmp 0x127d
00000D85  83EC0C            sub esp,0xc
00000D88  68662F0000        push dword 0x2f66
00000D8D  E804F6FFFF        call 0x396
00000D92  83C410            add esp,0x10
00000D95  E9E3040000        jmp 0x127d
00000D9A  0FB60507580000    movzx eax,byte [0x5807]
00000DA1  84C0              test al,al
00000DA3  7415              jz 0xdba
00000DA5  83EC0C            sub esp,0xc
00000DA8  68682F0000        push dword 0x2f68
00000DAD  E8E4F5FFFF        call 0x396
00000DB2  83C410            add esp,0x10
00000DB5  E9C3040000        jmp 0x127d
00000DBA  83EC0C            sub esp,0xc
00000DBD  686A2F0000        push dword 0x2f6a
00000DC2  E8CFF5FFFF        call 0x396
00000DC7  83C410            add esp,0x10
00000DCA  E9AE040000        jmp 0x127d
00000DCF  83EC0C            sub esp,0xc
00000DD2  686C2F0000        push dword 0x2f6c
00000DD7  E8BAF5FFFF        call 0x396
00000DDC  83C410            add esp,0x10
00000DDF  E999040000        jmp 0x127d
00000DE4  83EC0C            sub esp,0xc
00000DE7  686E2F0000        push dword 0x2f6e
00000DEC  E8A5F5FFFF        call 0x396
00000DF1  83C410            add esp,0x10
00000DF4  E984040000        jmp 0x127d
00000DF9  83EC0C            sub esp,0xc
00000DFC  68702F0000        push dword 0x2f70
00000E01  E890F5FFFF        call 0x396
00000E06  83C410            add esp,0x10
00000E09  E96F040000        jmp 0x127d
00000E0E  83EC0C            sub esp,0xc
00000E11  68722F0000        push dword 0x2f72
00000E16  E87BF5FFFF        call 0x396
00000E1B  83C410            add esp,0x10
00000E1E  E95A040000        jmp 0x127d
00000E23  0FB60507580000    movzx eax,byte [0x5807]
00000E2A  84C0              test al,al
00000E2C  7415              jz 0xe43
00000E2E  83EC0C            sub esp,0xc
00000E31  68782F0000        push dword 0x2f78
00000E36  E85BF5FFFF        call 0x396
00000E3B  83C410            add esp,0x10
00000E3E  E93A040000        jmp 0x127d
00000E43  83EC0C            sub esp,0xc
00000E46  687A2F0000        push dword 0x2f7a
00000E4B  E846F5FFFF        call 0x396
00000E50  83C410            add esp,0x10
00000E53  E925040000        jmp 0x127d
00000E58  0FB60507580000    movzx eax,byte [0x5807]
00000E5F  84C0              test al,al
00000E61  7415              jz 0xe78
00000E63  83EC0C            sub esp,0xc
00000E66  687C2F0000        push dword 0x2f7c
00000E6B  E826F5FFFF        call 0x396
00000E70  83C410            add esp,0x10
00000E73  E905040000        jmp 0x127d
00000E78  83EC0C            sub esp,0xc
00000E7B  687E2F0000        push dword 0x2f7e
00000E80  E811F5FFFF        call 0x396
00000E85  83C410            add esp,0x10
00000E88  E9F0030000        jmp 0x127d
00000E8D  0FB60507580000    movzx eax,byte [0x5807]
00000E94  84C0              test al,al
00000E96  7415              jz 0xead
00000E98  83EC0C            sub esp,0xc
00000E9B  68802F0000        push dword 0x2f80
00000EA0  E8F1F4FFFF        call 0x396
00000EA5  83C410            add esp,0x10
00000EA8  E9D0030000        jmp 0x127d
00000EAD  83EC0C            sub esp,0xc
00000EB0  68822F0000        push dword 0x2f82
00000EB5  E8DCF4FFFF        call 0x396
00000EBA  83C410            add esp,0x10
00000EBD  E9BB030000        jmp 0x127d
00000EC2  0FB60507580000    movzx eax,byte [0x5807]
00000EC9  84C0              test al,al
00000ECB  7415              jz 0xee2
00000ECD  83EC0C            sub esp,0xc
00000ED0  68842F0000        push dword 0x2f84
00000ED5  E8BCF4FFFF        call 0x396
00000EDA  83C410            add esp,0x10
00000EDD  E99B030000        jmp 0x127d
00000EE2  83EC0C            sub esp,0xc
00000EE5  68862F0000        push dword 0x2f86
00000EEA  E8A7F4FFFF        call 0x396
00000EEF  83C410            add esp,0x10
00000EF2  E986030000        jmp 0x127d
00000EF7  0FB60507580000    movzx eax,byte [0x5807]
00000EFE  84C0              test al,al
00000F00  7415              jz 0xf17
00000F02  83EC0C            sub esp,0xc
00000F05  68882F0000        push dword 0x2f88
00000F0A  E887F4FFFF        call 0x396
00000F0F  83C410            add esp,0x10
00000F12  E966030000        jmp 0x127d
00000F17  83EC0C            sub esp,0xc
00000F1A  688A2F0000        push dword 0x2f8a
00000F1F  E872F4FFFF        call 0x396
00000F24  83C410            add esp,0x10
00000F27  E951030000        jmp 0x127d
00000F2C  0FB60507580000    movzx eax,byte [0x5807]
00000F33  84C0              test al,al
00000F35  7415              jz 0xf4c
00000F37  83EC0C            sub esp,0xc
00000F3A  688C2F0000        push dword 0x2f8c
00000F3F  E852F4FFFF        call 0x396
00000F44  83C410            add esp,0x10
00000F47  E931030000        jmp 0x127d
00000F4C  83EC0C            sub esp,0xc
00000F4F  688E2F0000        push dword 0x2f8e
00000F54  E83DF4FFFF        call 0x396
00000F59  83C410            add esp,0x10
00000F5C  E91C030000        jmp 0x127d
00000F61  0FB60507580000    movzx eax,byte [0x5807]
00000F68  84C0              test al,al
00000F6A  7415              jz 0xf81
00000F6C  83EC0C            sub esp,0xc
00000F6F  68902F0000        push dword 0x2f90
00000F74  E81DF4FFFF        call 0x396
00000F79  83C410            add esp,0x10
00000F7C  E9FC020000        jmp 0x127d
00000F81  83EC0C            sub esp,0xc
00000F84  68922F0000        push dword 0x2f92
00000F89  E808F4FFFF        call 0x396
00000F8E  83C410            add esp,0x10
00000F91  E9E7020000        jmp 0x127d
00000F96  0FB60507580000    movzx eax,byte [0x5807]
00000F9D  84C0              test al,al
00000F9F  7415              jz 0xfb6
00000FA1  83EC0C            sub esp,0xc
00000FA4  68942F0000        push dword 0x2f94
00000FA9  E8E8F3FFFF        call 0x396
00000FAE  83C410            add esp,0x10
00000FB1  E9C7020000        jmp 0x127d
00000FB6  83EC0C            sub esp,0xc
00000FB9  68962F0000        push dword 0x2f96
00000FBE  E8D3F3FFFF        call 0x396
00000FC3  83C410            add esp,0x10
00000FC6  E9B2020000        jmp 0x127d
00000FCB  0FB60507580000    movzx eax,byte [0x5807]
00000FD2  84C0              test al,al
00000FD4  7415              jz 0xfeb
00000FD6  83EC0C            sub esp,0xc
00000FD9  68982F0000        push dword 0x2f98
00000FDE  E8B3F3FFFF        call 0x396
00000FE3  83C410            add esp,0x10
00000FE6  E992020000        jmp 0x127d
00000FEB  83EC0C            sub esp,0xc
00000FEE  689A2F0000        push dword 0x2f9a
00000FF3  E89EF3FFFF        call 0x396
00000FF8  83C410            add esp,0x10
00000FFB  E97D020000        jmp 0x127d
00001000  83EC0C            sub esp,0xc
00001003  689C2F0000        push dword 0x2f9c
00001008  E889F3FFFF        call 0x396
0000100D  83C410            add esp,0x10
00001010  E968020000        jmp 0x127d
00001015  83EC0C            sub esp,0xc
00001018  689E2F0000        push dword 0x2f9e
0000101D  E874F3FFFF        call 0x396
00001022  83C410            add esp,0x10
00001025  E953020000        jmp 0x127d
0000102A  83EC0C            sub esp,0xc
0000102D  68A02F0000        push dword 0x2fa0
00001032  E85FF3FFFF        call 0x396
00001037  83C410            add esp,0x10
0000103A  E93E020000        jmp 0x127d
0000103F  83EC0C            sub esp,0xc
00001042  68A22F0000        push dword 0x2fa2
00001047  E84AF3FFFF        call 0x396
0000104C  83C410            add esp,0x10
0000104F  E929020000        jmp 0x127d
00001054  83EC0C            sub esp,0xc
00001057  68A92F0000        push dword 0x2fa9
0000105C  E835F3FFFF        call 0x396
00001061  83C410            add esp,0x10
00001064  E914020000        jmp 0x127d
00001069  0FB60507580000    movzx eax,byte [0x5807]
00001070  84C0              test al,al
00001072  7415              jz 0x1089
00001074  83EC0C            sub esp,0xc
00001077  68AB2F0000        push dword 0x2fab
0000107C  E815F3FFFF        call 0x396
00001081  83C410            add esp,0x10
00001084  E9F4010000        jmp 0x127d
00001089  83EC0C            sub esp,0xc
0000108C  68AD2F0000        push dword 0x2fad
00001091  E800F3FFFF        call 0x396
00001096  83C410            add esp,0x10
00001099  E9DF010000        jmp 0x127d
0000109E  0FB60507580000    movzx eax,byte [0x5807]
000010A5  84C0              test al,al
000010A7  7415              jz 0x10be
000010A9  83EC0C            sub esp,0xc
000010AC  68AF2F0000        push dword 0x2faf
000010B1  E8E0F2FFFF        call 0x396
000010B6  83C410            add esp,0x10
000010B9  E9BF010000        jmp 0x127d
000010BE  83EC0C            sub esp,0xc
000010C1  68B12F0000        push dword 0x2fb1
000010C6  E8CBF2FFFF        call 0x396
000010CB  83C410            add esp,0x10
000010CE  E9AA010000        jmp 0x127d
000010D3  0FB60507580000    movzx eax,byte [0x5807]
000010DA  84C0              test al,al
000010DC  7415              jz 0x10f3
000010DE  83EC0C            sub esp,0xc
000010E1  68B32F0000        push dword 0x2fb3
000010E6  E8ABF2FFFF        call 0x396
000010EB  83C410            add esp,0x10
000010EE  E98A010000        jmp 0x127d
000010F3  83EC0C            sub esp,0xc
000010F6  68B52F0000        push dword 0x2fb5
000010FB  E896F2FFFF        call 0x396
00001100  83C410            add esp,0x10
00001103  E975010000        jmp 0x127d
00001108  0FB60507580000    movzx eax,byte [0x5807]
0000110F  84C0              test al,al
00001111  7415              jz 0x1128
00001113  83EC0C            sub esp,0xc
00001116  68B72F0000        push dword 0x2fb7
0000111B  E876F2FFFF        call 0x396
00001120  83C410            add esp,0x10
00001123  E955010000        jmp 0x127d
00001128  83EC0C            sub esp,0xc
0000112B  68B92F0000        push dword 0x2fb9
00001130  E861F2FFFF        call 0x396
00001135  83C410            add esp,0x10
00001138  E940010000        jmp 0x127d
0000113D  0FB60507580000    movzx eax,byte [0x5807]
00001144  84C0              test al,al
00001146  7415              jz 0x115d
00001148  83EC0C            sub esp,0xc
0000114B  68BB2F0000        push dword 0x2fbb
00001150  E841F2FFFF        call 0x396
00001155  83C410            add esp,0x10
00001158  E920010000        jmp 0x127d
0000115D  83EC0C            sub esp,0xc
00001160  68BD2F0000        push dword 0x2fbd
00001165  E82CF2FFFF        call 0x396
0000116A  83C410            add esp,0x10
0000116D  E90B010000        jmp 0x127d
00001172  0FB60507580000    movzx eax,byte [0x5807]
00001179  84C0              test al,al
0000117B  7415              jz 0x1192
0000117D  83EC0C            sub esp,0xc
00001180  68BF2F0000        push dword 0x2fbf
00001185  E80CF2FFFF        call 0x396
0000118A  83C410            add esp,0x10
0000118D  E9EB000000        jmp 0x127d
00001192  83EC0C            sub esp,0xc
00001195  68C12F0000        push dword 0x2fc1
0000119A  E8F7F1FFFF        call 0x396
0000119F  83C410            add esp,0x10
000011A2  E9D6000000        jmp 0x127d
000011A7  0FB60507580000    movzx eax,byte [0x5807]
000011AE  84C0              test al,al
000011B0  7415              jz 0x11c7
000011B2  83EC0C            sub esp,0xc
000011B5  68C32F0000        push dword 0x2fc3
000011BA  E8D7F1FFFF        call 0x396
000011BF  83C410            add esp,0x10
000011C2  E9B6000000        jmp 0x127d
000011C7  83EC0C            sub esp,0xc
000011CA  68C52F0000        push dword 0x2fc5
000011CF  E8C2F1FFFF        call 0x396
000011D4  83C410            add esp,0x10
000011D7  E9A1000000        jmp 0x127d
000011DC  83EC0C            sub esp,0xc
000011DF  68C72F0000        push dword 0x2fc7
000011E4  E8ADF1FFFF        call 0x396
000011E9  83C410            add esp,0x10
000011EC  E98C000000        jmp 0x127d
000011F1  83EC0C            sub esp,0xc
000011F4  68C92F0000        push dword 0x2fc9
000011F9  E898F1FFFF        call 0x396
000011FE  83C410            add esp,0x10
00001201  EB7A              jmp 0x127d
00001203  83EC0C            sub esp,0xc
00001206  68CB2F0000        push dword 0x2fcb
0000120B  E886F1FFFF        call 0x396
00001210  83C410            add esp,0x10
00001213  EB68              jmp 0x127d
00001215  83EC0C            sub esp,0xc
00001218  68CD2F0000        push dword 0x2fcd
0000121D  E874F1FFFF        call 0x396
00001222  83C410            add esp,0x10
00001225  EB56              jmp 0x127d
00001227  83EC0C            sub esp,0xc
0000122A  68D42F0000        push dword 0x2fd4
0000122F  E862F1FFFF        call 0x396
00001234  83C410            add esp,0x10
00001237  EB44              jmp 0x127d
00001239  83EC0C            sub esp,0xc
0000123C  68DD2F0000        push dword 0x2fdd
00001241  E850F1FFFF        call 0x396
00001246  83C410            add esp,0x10
00001249  EB32              jmp 0x127d
0000124B  83EC0C            sub esp,0xc
0000124E  681C2F0000        push dword 0x2f1c
00001253  E83EF1FFFF        call 0x396
00001258  83C410            add esp,0x10
0000125B  EB20              jmp 0x127d
0000125D  0FB60507580000    movzx eax,byte [0x5807]
00001264  0FB6C0            movzx eax,al
00001267  85C0              test eax,eax
00001269  0F95C0            setnz al
0000126C  83F001            xor eax,0x1
0000126F  0FB6C0            movzx eax,al
00001272  83E001            and eax,0x1
00001275  A207580000        mov [0x5807],al
0000127A  EB01              jmp 0x127d
0000127C  90                nop
0000127D  C9                leave
0000127E  C3                ret
0000127F  55                push ebp
00001280  89E5              mov ebp,esp
00001282  83EC18            sub esp,0x18
00001285  8B452C            mov eax,[ebp+0x2c]
00001288  83F820            cmp eax,0x20
0000128B  7407              jz 0x1294
0000128D  83F821            cmp eax,0x21
00001290  7409              jz 0x129b
00001292  EB0E              jmp 0x12a2
00001294  E866000000        call 0x12ff
00001299  EB38              jmp 0x12d3
0000129B  E857F7FFFF        call 0x9f7
000012A0  EB31              jmp 0x12d3
000012A2  83EC0C            sub esp,0xc
000012A5  68D0300000        push dword 0x30d0
000012AA  E8E7F0FFFF        call 0x396
000012AF  83C410            add esp,0x10
000012B2  8B452C            mov eax,[ebp+0x2c]
000012B5  83EC08            sub esp,0x8
000012B8  FF75F4            push dword [ebp-0xc]
000012BB  50                push eax
000012BC  E874EEFFFF        call 0x135
000012C1  83C410            add esp,0x10
000012C4  83EC0C            sub esp,0xc
000012C7  FF75F4            push dword [ebp-0xc]
000012CA  E8C7F0FFFF        call 0x396
000012CF  83C410            add esp,0x10
000012D2  90                nop
000012D3  8B452C            mov eax,[ebp+0x2c]
000012D6  83F827            cmp eax,0x27
000012D9  7612              jna 0x12ed
000012DB  83EC08            sub esp,0x8
000012DE  6A20              push dword 0x20
000012E0  68A0000000        push dword 0xa0
000012E5  E868EDFFFF        call 0x52
000012EA  83C410            add esp,0x10
000012ED  83EC08            sub esp,0x8
000012F0  6A20              push dword 0x20
000012F2  6A20              push dword 0x20
000012F4  E859EDFFFF        call 0x52
000012F9  83C410            add esp,0x10
000012FC  90                nop
000012FD  C9                leave
000012FE  C3                ret
000012FF  55                push ebp
00001300  89E5              mov ebp,esp
00001302  A108580000        mov eax,[0x5808]
00001307  83C001            add eax,0x1
0000130A  A308580000        mov [0x5808],eax
0000130F  90                nop
00001310  5D                pop ebp
00001311  C3                ret
00001312  55                push ebp
00001313  89E5              mov ebp,esp
00001315  83EC10            sub esp,0x10
00001318  8B4508            mov eax,[ebp+0x8]
0000131B  6BC032            imul eax,eax,0x32
0000131E  BAD34D6210        mov edx,0x10624dd3
00001323  F7E2              mul edx
00001325  89D0              mov eax,edx
00001327  C1E806            shr eax,byte 0x6
0000132A  894508            mov [ebp+0x8],eax
0000132D  A108580000        mov eax,[0x5808]
00001332  8945FC            mov [ebp-0x4],eax
00001335  EB01              jmp 0x1338
00001337  F4                hlt
00001338  A108580000        mov eax,[0x5808]
0000133D  2B45FC            sub eax,[ebp-0x4]
00001340  394508            cmp [ebp+0x8],eax
00001343  77F2              ja 0x1337
00001345  90                nop
00001346  90                nop
00001347  C9                leave
00001348  C3                ret
00001349  55                push ebp
0000134A  89E5              mov ebp,esp
0000134C  83EC10            sub esp,0x10
0000134F  8B4508            mov eax,[ebp+0x8]
00001352  8945FC            mov [ebp-0x4],eax
00001355  EB01              jmp 0x1358
00001357  F4                hlt
00001358  A108580000        mov eax,[0x5808]
0000135D  2B45FC            sub eax,[ebp-0x4]
00001360  394508            cmp [ebp+0x8],eax
00001363  77F2              ja 0x1357
00001365  90                nop
00001366  90                nop
00001367  C9                leave
00001368  C3                ret
00001369  55                push ebp
0000136A  89E5              mov ebp,esp
0000136C  83EC10            sub esp,0x10
0000136F  B8DC341200        mov eax,0x1234dc
00001374  BA00000000        mov edx,0x0
00001379  F77508            div dword [ebp+0x8]
0000137C  8945FC            mov [ebp-0x4],eax
0000137F  8B45FC            mov eax,[ebp-0x4]
00001382  8845FB            mov [ebp-0x5],al
00001385  8B45FC            mov eax,[ebp-0x4]
00001388  C1E808            shr eax,byte 0x8
0000138B  8845FA            mov [ebp-0x6],al
0000138E  6A36              push dword 0x36
00001390  6A43              push dword 0x43
00001392  E8BBECFFFF        call 0x52
00001397  83C408            add esp,0x8
0000139A  0FB645FB          movzx eax,byte [ebp-0x5]
0000139E  50                push eax
0000139F  6A40              push dword 0x40
000013A1  E8ACECFFFF        call 0x52
000013A6  83C408            add esp,0x8
000013A9  0FB645FA          movzx eax,byte [ebp-0x6]
000013AD  50                push eax
000013AE  6A40              push dword 0x40
000013B0  E89DECFFFF        call 0x52
000013B5  83C408            add esp,0x8
000013B8  90                nop
000013B9  C9                leave
000013BA  C3                ret
000013BB  55                push ebp
000013BC  89E5              mov ebp,esp
000013BE  BA00600000        mov edx,0x6000
000013C3  0F22DA            mov cr3,edx
000013C6  0F20C0            mov eax,cr0
000013C9  0D00000080        or eax,0x80000000
000013CE  0F22C0            mov cr0,eax
000013D1  90                nop
000013D2  5D                pop ebp
000013D3  C3                ret
000013D4  55                push ebp
000013D5  89E5              mov ebp,esp
000013D7  83EC10            sub esp,0x10
000013DA  C745FC00000000    mov dword [ebp-0x4],0x0
000013E1  834DFC01          or dword [ebp-0x4],0x1
000013E5  834DFC02          or dword [ebp-0x4],0x2
000013E9  8B45FC            mov eax,[ebp-0x4]
000013EC  25FF0F0000        and eax,0xfff
000013F1  89C2              mov edx,eax
000013F3  8B4510            mov eax,[ebp+0x10]
000013F6  2500F0FFFF        and eax,0xfffff000
000013FB  09D0              or eax,edx
000013FD  8945FC            mov [ebp-0x4],eax
00001400  8B450C            mov eax,[ebp+0xc]
00001403  8D148500000000    lea edx,[eax*4+0x0]
0000140A  8B4508            mov eax,[ebp+0x8]
0000140D  01C2              add edx,eax
0000140F  8B45FC            mov eax,[ebp-0x4]
00001412  8902              mov [edx],eax
00001414  90                nop
00001415  C9                leave
00001416  C3                ret
00001417  55                push ebp
00001418  89E5              mov ebp,esp
0000141A  83EC10            sub esp,0x10
0000141D  C745FC00000000    mov dword [ebp-0x4],0x0
00001424  834DFC01          or dword [ebp-0x4],0x1
00001428  834DFC02          or dword [ebp-0x4],0x2
0000142C  8B45FC            mov eax,[ebp-0x4]
0000142F  25FF0F0000        and eax,0xfff
00001434  89C2              mov edx,eax
00001436  8B4510            mov eax,[ebp+0x10]
00001439  2500F0FFFF        and eax,0xfffff000
0000143E  09D0              or eax,edx
00001440  8945FC            mov [ebp-0x4],eax
00001443  8B450C            mov eax,[ebp+0xc]
00001446  8D148500000000    lea edx,[eax*4+0x0]
0000144D  8B4508            mov eax,[ebp+0x8]
00001450  01C2              add edx,eax
00001452  8B45FC            mov eax,[ebp-0x4]
00001455  8902              mov [edx],eax
00001457  90                nop
00001458  C9                leave
00001459  C3                ret
0000145A  55                push ebp
0000145B  89E5              mov ebp,esp
0000145D  83EC10            sub esp,0x10
00001460  A1F4400000        mov eax,[0x40f4]
00001465  05FF0F0000        add eax,0xfff
0000146A  2500F0FFFF        and eax,0xfffff000
0000146F  A3F4400000        mov [0x40f4],eax
00001474  A1F4400000        mov eax,[0x40f4]
00001479  8945FC            mov [ebp-0x4],eax
0000147C  A1F4400000        mov eax,[0x40f4]
00001481  0500100000        add eax,0x1000
00001486  A3F4400000        mov [0x40f4],eax
0000148B  A1F4400000        mov eax,[0x40f4]
00001490  6800100000        push dword 0x1000
00001495  6A00              push dword 0x0
00001497  50                push eax
00001498  E86AEBFFFF        call 0x7
0000149D  83C40C            add esp,0xc
000014A0  8B45FC            mov eax,[ebp-0x4]
000014A3  C9                leave
000014A4  C3                ret
000014A5  55                push ebp
000014A6  89E5              mov ebp,esp
000014A8  83EC10            sub esp,0x10
000014AB  E8AAFFFFFF        call 0x145a
000014B0  8945F8            mov [ebp-0x8],eax
000014B3  C745FC00000000    mov dword [ebp-0x4],0x0
000014BA  EB1F              jmp 0x14db
000014BC  E899FFFFFF        call 0x145a
000014C1  8945F4            mov [ebp-0xc],eax
000014C4  8B55F4            mov edx,[ebp-0xc]
000014C7  8B45FC            mov eax,[ebp-0x4]
000014CA  52                push edx
000014CB  50                push eax
000014CC  FF75F8            push dword [ebp-0x8]
000014CF  E800FFFFFF        call 0x13d4
000014D4  83C40C            add esp,0xc
000014D7  8345FC01          add dword [ebp-0x4],0x1
000014DB  817DFCFF030000    cmp dword [ebp-0x4],0x3ff
000014E2  7ED8              jng 0x14bc
000014E4  8B45F8            mov eax,[ebp-0x8]
000014E7  C9                leave
000014E8  C3                ret
000014E9  55                push ebp
000014EA  89E5              mov ebp,esp
000014EC  83EC28            sub esp,0x28
000014EF  C745F400000040    mov dword [ebp-0xc],0x40000000
000014F6  E85FFFFFFF        call 0x145a
000014FB  8945F0            mov [ebp-0x10],eax
000014FE  8B45F4            mov eax,[ebp-0xc]
00001501  C1E816            shr eax,byte 0x16
00001504  8945EC            mov [ebp-0x14],eax
00001507  8B45F4            mov eax,[ebp-0xc]
0000150A  C1E80C            shr eax,byte 0xc
0000150D  25FF030000        and eax,0x3ff
00001512  8945E8            mov [ebp-0x18],eax
00001515  E840FFFFFF        call 0x145a
0000151A  8945E4            mov [ebp-0x1c],eax
0000151D  FF75F0            push dword [ebp-0x10]
00001520  FF75E8            push dword [ebp-0x18]
00001523  FF75E4            push dword [ebp-0x1c]
00001526  E8ECFEFFFF        call 0x1417
0000152B  83C40C            add esp,0xc
0000152E  FF75E4            push dword [ebp-0x1c]
00001531  FF75EC            push dword [ebp-0x14]
00001534  6800600000        push dword 0x6000
00001539  E896FEFFFF        call 0x13d4
0000153E  83C40C            add esp,0xc
00001541  0F20D8            mov eax,cr3
00001544  0F22D8            mov cr3,eax
00001547  8B45F4            mov eax,[ebp-0xc]
0000154A  8945E0            mov [ebp-0x20],eax
0000154D  8B45E0            mov eax,[ebp-0x20]
00001550  C700EFBEADDE      mov dword [eax],0xdeadbeef
00001556  8B45F0            mov eax,[ebp-0x10]
00001559  8945DC            mov [ebp-0x24],eax
0000155C  8B45DC            mov eax,[ebp-0x24]
0000155F  8B00              mov eax,[eax]
00001561  3DEFBEADDE        cmp eax,0xdeadbeef
00001566  7512              jnz 0x157a
00001568  83EC0C            sub esp,0xc
0000156B  68E0300000        push dword 0x30e0
00001570  E821EEFFFF        call 0x396
00001575  83C410            add esp,0x10
00001578  EB10              jmp 0x158a
0000157A  83EC0C            sub esp,0xc
0000157D  68E8300000        push dword 0x30e8
00001582  E80FEEFFFF        call 0x396
00001587  83C410            add esp,0x10
0000158A  90                nop
0000158B  C9                leave
0000158C  C3                ret
0000158D  8D4C2404          lea ecx,[esp+0x4]
00001591  83E4F0            and esp,0xfffffffffffffff0
00001594  FF71FC            push dword [ecx-0x4]
00001597  55                push ebp
00001598  89E5              mov ebp,esp
0000159A  51                push ecx
0000159B  83EC14            sub esp,0x14
0000159E  E850F0FFFF        call 0x5f3
000015A3  E867F1FFFF        call 0x70f
000015A8  83EC0C            sub esp,0xc
000015AB  6A32              push dword 0x32
000015AD  E8B7FDFFFF        call 0x1369
000015B2  83C410            add esp,0x10
000015B5  EB0D              jmp 0x15c4
000015B7  83EC0C            sub esp,0xc
000015BA  6A60              push dword 0x60
000015BC  E874EAFFFF        call 0x35
000015C1  83C410            add esp,0x10
000015C4  83EC0C            sub esp,0xc
000015C7  6A64              push dword 0x64
000015C9  E867EAFFFF        call 0x35
000015CE  83C410            add esp,0x10
000015D1  0FB6C0            movzx eax,al
000015D4  83E001            and eax,0x1
000015D7  85C0              test eax,eax
000015D9  75DC              jnz 0x15b7
000015DB  83EC08            sub esp,0x8
000015DE  68FC000000        push dword 0xfc
000015E3  6A21              push dword 0x21
000015E5  E868EAFFFF        call 0x52
000015EA  83C410            add esp,0x10
000015ED  E868FEFFFF        call 0x145a
000015F2  8945EC            mov [ebp-0x14],eax
000015F5  C745F400000000    mov dword [ebp-0xc],0x0
000015FC  C745F000000000    mov dword [ebp-0x10],0x0
00001603  EB20              jmp 0x1625
00001605  8B45F0            mov eax,[ebp-0x10]
00001608  83EC04            sub esp,0x4
0000160B  FF75F4            push dword [ebp-0xc]
0000160E  50                push eax
0000160F  FF75EC            push dword [ebp-0x14]
00001612  E800FEFFFF        call 0x1417
00001617  83C410            add esp,0x10
0000161A  8145F400100000    add dword [ebp-0xc],0x1000
00001621  8345F001          add dword [ebp-0x10],0x1
00001625  817DF0FF030000    cmp dword [ebp-0x10],0x3ff
0000162C  7ED7              jng 0x1605
0000162E  83EC04            sub esp,0x4
00001631  FF75EC            push dword [ebp-0x14]
00001634  6A00              push dword 0x0
00001636  6800600000        push dword 0x6000
0000163B  E894FDFFFF        call 0x13d4
00001640  83C410            add esp,0x10
00001643  E873FDFFFF        call 0x13bb
00001648  E89CFEFFFF        call 0x14e9
0000164D  FB                sti
0000164E  90                nop
0000164F  8B4DFC            mov ecx,[ebp-0x4]
00001652  C9                leave
00001653  8D61FC            lea esp,[ecx-0x4]
00001656  C3                ret
00001657  6690              o16 nop
00001659  6690              o16 nop
0000165B  6690              o16 nop
0000165D  6690              o16 nop
0000165F  90                nop
00001660  43                inc ebx
00001661  50                push eax
00001662  55                push ebp
00001663  204578            and [ebp+0x78],al
00001666  636570            arpl word [ebp+0x70],esp
00001669  7469              jz 0x16d4
0000166B  6F                outsd
0000166C  6E                outsb
0000166D  3A20              cmp ah,[eax]
0000166F  44                inc esp
00001670  69766964652042    imul esi,[esi+0x69],0x42206564
00001677  7920              jns 0x1699
00001679  5A                pop edx
0000167A  65726F            gs jc 0x16ec
0000167D  004350            add [ebx+0x50],al
00001680  55                push ebp
00001681  204578            and [ebp+0x78],al
00001684  636570            arpl word [ebp+0x70],esp
00001687  7469              jz 0x16f2
00001689  6F                outsd
0000168A  6E                outsb
0000168B  3A20              cmp ah,[eax]
0000168D  44                inc esp
0000168E  65627567          bound esi,[gs:ebp+0x67]
00001692  204572            and [ebp+0x72],al
00001695  726F              jc 0x1706
00001697  7200              jc 0x1699
00001699  43                inc ebx
0000169A  50                push eax
0000169B  55                push ebp
0000169C  204578            and [ebp+0x78],al
0000169F  636570            arpl word [ebp+0x70],esp
000016A2  7469              jz 0x170d
000016A4  6F                outsd
000016A5  6E                outsb
000016A6  3A20              cmp ah,[eax]
000016A8  4E                dec esi
000016A9  6F                outsd
000016AA  6E                outsb
000016AB  204D61            and [ebp+0x61],cl
000016AE  736B              jnc 0x171b
000016B0  61                popa
000016B1  626C6520          bound ebp,[ebp+0x20]
000016B5  49                dec ecx
000016B6  6E                outsb
000016B7  7465              jz 0x171e
000016B9  7272              jc 0x172d
000016BB  7570              jnz 0x172d
000016BD  7400              jz 0x16bf
000016BF  43                inc ebx
000016C0  50                push eax
000016C1  55                push ebp
000016C2  204578            and [ebp+0x78],al
000016C5  636570            arpl word [ebp+0x70],esp
000016C8  7469              jz 0x1733
000016CA  6F                outsd
000016CB  6E                outsb
000016CC  3A20              cmp ah,[eax]
000016CE  42                inc edx
000016CF  7265              jc 0x1736
000016D1  61                popa
000016D2  6B706F69          imul esi,[eax+0x6f],0x69
000016D6  6E                outsb
000016D7  7400              jz 0x16d9
000016D9  43                inc ebx
000016DA  50                push eax
000016DB  55                push ebp
000016DC  204578            and [ebp+0x78],al
000016DF  636570            arpl word [ebp+0x70],esp
000016E2  7469              jz 0x174d
000016E4  6F                outsd
000016E5  6E                outsb
000016E6  3A20              cmp ah,[eax]
000016E8  49                dec ecx
000016E9  6E                outsb
000016EA  746F              jz 0x175b
000016EC  20446574          and [ebp+0x74],al
000016F0  6563746564        arpl word [gs:ebp+0x64],esi
000016F5  204F76            and [edi+0x76],cl
000016F8  657266            gs jc 0x1761
000016FB  6C                insb
000016FC  6F                outsd
000016FD  7700              ja 0x16ff
000016FF  43                inc ebx
00001700  50                push eax
00001701  55                push ebp
00001702  204578            and [ebp+0x78],al
00001705  636570            arpl word [ebp+0x70],esp
00001708  7469              jz 0x1773
0000170A  6F                outsd
0000170B  6E                outsb
0000170C  3A20              cmp ah,[eax]
0000170E  4F                dec edi
0000170F  7574              jnz 0x1785
00001711  206F66            and [edi+0x66],ch
00001714  20426F            and [edx+0x6f],al
00001717  756E              jnz 0x1787
00001719  647300            fs jnc 0x171c
0000171C  43                inc ebx
0000171D  50                push eax
0000171E  55                push ebp
0000171F  204578            and [ebp+0x78],al
00001722  636570            arpl word [ebp+0x70],esp
00001725  7469              jz 0x1790
00001727  6F                outsd
00001728  6E                outsb
00001729  3A20              cmp ah,[eax]
0000172B  49                dec ecx
0000172C  6E                outsb
0000172D  7661              jna 0x1790
0000172F  6C                insb
00001730  6964204F70636F64  imul esp,[eax+0x4f],0x646f6370
00001738  65004350          add [gs:ebx+0x50],al
0000173C  55                push ebp
0000173D  204578            and [ebp+0x78],al
00001740  636570            arpl word [ebp+0x70],esp
00001743  7469              jz 0x17ae
00001745  6F                outsd
00001746  6E                outsb
00001747  3A20              cmp ah,[eax]
00001749  4E                dec esi
0000174A  6F                outsd
0000174B  20436F            and [ebx+0x6f],al
0000174E  7072              jo 0x17c2
00001750  6F                outsd
00001751  636573            arpl word [ebp+0x73],esp
00001754  736F              jnc 0x17c5
00001756  7200              jc 0x1758
00001758  43                inc ebx
00001759  50                push eax
0000175A  55                push ebp
0000175B  204578            and [ebp+0x78],al
0000175E  636570            arpl word [ebp+0x70],esp
00001761  7469              jz 0x17cc
00001763  6F                outsd
00001764  6E                outsb
00001765  3A20              cmp ah,[eax]
00001767  44                inc esp
00001768  6F                outsd
00001769  7562              jnz 0x17cd
0000176B  6C                insb
0000176C  65204661          and [gs:esi+0x61],al
00001770  756C              jnz 0x17de
00001772  7400              jz 0x1774
00001774  43                inc ebx
00001775  50                push eax
00001776  55                push ebp
00001777  204578            and [ebp+0x78],al
0000177A  636570            arpl word [ebp+0x70],esp
0000177D  7469              jz 0x17e8
0000177F  6F                outsd
00001780  6E                outsb
00001781  3A20              cmp ah,[eax]
00001783  43                inc ebx
00001784  6F                outsd
00001785  7072              jo 0x17f9
00001787  6F                outsd
00001788  636573            arpl word [ebp+0x73],esp
0000178B  736F              jnc 0x17fc
0000178D  7220              jc 0x17af
0000178F  53                push ebx
00001790  65676D            gs a16 insd
00001793  656E              gs outsb
00001795  7420              jz 0x17b7
00001797  4F                dec edi
00001798  7665              jna 0x17ff
0000179A  7272              jc 0x180e
0000179C  756E              jnz 0x180c
0000179E  004350            add [ebx+0x50],al
000017A1  55                push ebp
000017A2  204578            and [ebp+0x78],al
000017A5  636570            arpl word [ebp+0x70],esp
000017A8  7469              jz 0x1813
000017AA  6F                outsd
000017AB  6E                outsb
000017AC  3A20              cmp ah,[eax]
000017AE  42                inc edx
000017AF  61                popa
000017B0  6420545353        and [fs:ebx+edx*2+0x53],dl
000017B5  004350            add [ebx+0x50],al
000017B8  55                push ebp
000017B9  204578            and [ebp+0x78],al
000017BC  636570            arpl word [ebp+0x70],esp
000017BF  7469              jz 0x182a
000017C1  6F                outsd
000017C2  6E                outsb
000017C3  3A20              cmp ah,[eax]
000017C5  53                push ebx
000017C6  65676D            gs a16 insd
000017C9  656E              gs outsb
000017CB  7420              jz 0x17ed
000017CD  4E                dec esi
000017CE  6F                outsd
000017CF  7420              jz 0x17f1
000017D1  50                push eax
000017D2  7265              jc 0x1839
000017D4  7365              jnc 0x183b
000017D6  6E                outsb
000017D7  7400              jz 0x17d9
000017D9  43                inc ebx
000017DA  50                push eax
000017DB  55                push ebp
000017DC  204578            and [ebp+0x78],al
000017DF  636570            arpl word [ebp+0x70],esp
000017E2  7469              jz 0x184d
000017E4  6F                outsd
000017E5  6E                outsb
000017E6  3A20              cmp ah,[eax]
000017E8  53                push ebx
000017E9  7461              jz 0x184c
000017EB  636B20            arpl word [ebx+0x20],ebp
000017EE  46                inc esi
000017EF  61                popa
000017F0  756C              jnz 0x185e
000017F2  7400              jz 0x17f4
000017F4  43                inc ebx
000017F5  50                push eax
000017F6  55                push ebp
000017F7  204578            and [ebp+0x78],al
000017FA  636570            arpl word [ebp+0x70],esp
000017FD  7469              jz 0x1868
000017FF  6F                outsd
00001800  6E                outsb
00001801  3A20              cmp ah,[eax]
00001803  47                inc edi
00001804  656E              gs outsb
00001806  657261            gs jc 0x186a
00001809  6C                insb
0000180A  205072            and [eax+0x72],dl
0000180D  6F                outsd
0000180E  7465              jz 0x1875
00001810  6374696F          arpl word [ecx+ebp*2+0x6f],esi
00001814  6E                outsb
00001815  204661            and [esi+0x61],al
00001818  756C              jnz 0x1886
0000181A  7400              jz 0x181c
0000181C  43                inc ebx
0000181D  50                push eax
0000181E  55                push ebp
0000181F  204578            and [ebp+0x78],al
00001822  636570            arpl word [ebp+0x70],esp
00001825  7469              jz 0x1890
00001827  6F                outsd
00001828  6E                outsb
00001829  3A20              cmp ah,[eax]
0000182B  50                push eax
0000182C  61                popa
0000182D  6765204661        and [gs:bp+0x61],al
00001832  756C              jnz 0x18a0
00001834  7400              jz 0x1836
00001836  43                inc ebx
00001837  50                push eax
00001838  55                push ebp
00001839  204578            and [ebp+0x78],al
0000183C  636570            arpl word [ebp+0x70],esp
0000183F  7469              jz 0x18aa
00001841  6F                outsd
00001842  6E                outsb
00001843  3A20              cmp ah,[eax]
00001845  55                push ebp
00001846  6E                outsb
00001847  6B6E6F77          imul ebp,[esi+0x6f],0x77
0000184B  6E                outsb
0000184C  20496E            and [ecx+0x6e],cl
0000184F  7465              jz 0x18b6
00001851  7272              jc 0x18c5
00001853  7570              jnz 0x18c5
00001855  7400              jz 0x1857
00001857  43                inc ebx
00001858  50                push eax
00001859  55                push ebp
0000185A  204578            and [ebp+0x78],al
0000185D  636570            arpl word [ebp+0x70],esp
00001860  7469              jz 0x18cb
00001862  6F                outsd
00001863  6E                outsb
00001864  3A20              cmp ah,[eax]
00001866  43                inc ebx
00001867  6F                outsd
00001868  7072              jo 0x18dc
0000186A  6F                outsd
0000186B  636573            arpl word [ebp+0x73],esp
0000186E  736F              jnc 0x18df
00001870  7220              jc 0x1892
00001872  46                inc esi
00001873  61                popa
00001874  756C              jnz 0x18e2
00001876  7443              jz 0x18bb
00001878  50                push eax
00001879  55                push ebp
0000187A  204578            and [ebp+0x78],al
0000187D  636570            arpl word [ebp+0x70],esp
00001880  7469              jz 0x18eb
00001882  6F                outsd
00001883  6E                outsb
00001884  3A20              cmp ah,[eax]
00001886  41                inc ecx
00001887  6C                insb
00001888  69676E6D656E74    imul esp,[edi+0x6e],0x746e656d
0000188F  204368            and [ebx+0x68],al
00001892  65636B00          arpl word [gs:ebx+0x0],ebp
00001896  43                inc ebx
00001897  50                push eax
00001898  55                push ebp
00001899  204578            and [ebp+0x78],al
0000189C  636570            arpl word [ebp+0x70],esp
0000189F  7469              jz 0x190a
000018A1  6F                outsd
000018A2  6E                outsb
000018A3  3A20              cmp ah,[eax]
000018A5  4D                dec ebp
000018A6  61                popa
000018A7  636869            arpl word [eax+0x69],ebp
000018AA  6E                outsb
000018AB  65204368          and [gs:ebx+0x68],al
000018AF  65636B00          arpl word [gs:ebx+0x0],ebp
000018B3  43                inc ebx
000018B4  50                push eax
000018B5  55                push ebp
000018B6  204578            and [ebp+0x78],al
000018B9  636570            arpl word [ebp+0x70],esp
000018BC  7469              jz 0x1927
000018BE  6F                outsd
000018BF  6E                outsb
000018C0  3A20              cmp ah,[eax]
000018C2  52                push edx
000018C3  657365            gs jnc 0x192b
000018C6  7276              jc 0x193e
000018C8  65640060BA        add [fs:eax-0x46],ah
000018CD  00800B008A03      add [eax+0x38a000b],al
000018D3  B40F              mov ah,0xf
000018D5  3C00              cmp al,0x0
000018D7  740B              jz 0x18e4
000018D9  668902            mov [edx],ax
000018DC  83C301            add ebx,0x1
000018DF  83C202            add edx,0x2
000018E2  EBED              jmp 0x18d1
000018E4  61                popa
000018E5  C3                ret
000018E6  FA                cli
000018E7  6A00              push dword 0x0
000018E9  6A00              push dword 0x0
000018EB  60                pusha
000018EC  668CD8            mov ax,ds
000018EF  50                push eax
000018F0  66B81000          mov ax,0x10
000018F4  8ED8              mov ds,eax
000018F6  8EE0              mov fs,eax
000018F8  8EE8              mov gs,eax
000018FA  8EC0              mov es,eax
000018FC  BB60260000        mov ebx,0x2660
00001901  E8C5FFFFFF        call 0x18cb
00001906  58                pop eax
00001907  8ED8              mov ds,eax
00001909  8EE0              mov fs,eax
0000190B  8EE8              mov gs,eax
0000190D  8EC0              mov es,eax
0000190F  61                popa
00001910  83C408            add esp,0x8
00001913  FB                sti
00001914  CF                iret
00001915  FA                cli
00001916  6A00              push dword 0x0
00001918  6A01              push dword 0x1
0000191A  60                pusha
0000191B  668CD8            mov ax,ds
0000191E  50                push eax
0000191F  66B81000          mov ax,0x10
00001923  8ED8              mov ds,eax
00001925  8EE0              mov fs,eax
00001927  8EE8              mov gs,eax
00001929  8EC0              mov es,eax
0000192B  BB7E260000        mov ebx,0x267e
00001930  E896FFFFFF        call 0x18cb
00001935  58                pop eax
00001936  8ED8              mov ds,eax
00001938  8EE0              mov fs,eax
0000193A  8EE8              mov gs,eax
0000193C  8EC0              mov es,eax
0000193E  61                popa
0000193F  83C408            add esp,0x8
00001942  FB                sti
00001943  CF                iret
00001944  FA                cli
00001945  6A00              push dword 0x0
00001947  6A02              push dword 0x2
00001949  60                pusha
0000194A  668CD8            mov ax,ds
0000194D  50                push eax
0000194E  66B81000          mov ax,0x10
00001952  8ED8              mov ds,eax
00001954  8EE0              mov fs,eax
00001956  8EE8              mov gs,eax
00001958  8EC0              mov es,eax
0000195A  BB99260000        mov ebx,0x2699
0000195F  E867FFFFFF        call 0x18cb
00001964  58                pop eax
00001965  8ED8              mov ds,eax
00001967  8EE0              mov fs,eax
00001969  8EE8              mov gs,eax
0000196B  8EC0              mov es,eax
0000196D  61                popa
0000196E  83C408            add esp,0x8
00001971  FB                sti
00001972  CF                iret
00001973  FA                cli
00001974  6A00              push dword 0x0
00001976  6A03              push dword 0x3
00001978  60                pusha
00001979  668CD8            mov ax,ds
0000197C  50                push eax
0000197D  66B81000          mov ax,0x10
00001981  8ED8              mov ds,eax
00001983  8EE0              mov fs,eax
00001985  8EE8              mov gs,eax
00001987  8EC0              mov es,eax
00001989  BBBF260000        mov ebx,0x26bf
0000198E  E838FFFFFF        call 0x18cb
00001993  58                pop eax
00001994  8ED8              mov ds,eax
00001996  8EE0              mov fs,eax
00001998  8EE8              mov gs,eax
0000199A  8EC0              mov es,eax
0000199C  61                popa
0000199D  83C408            add esp,0x8
000019A0  FB                sti
000019A1  CF                iret
000019A2  FA                cli
000019A3  6A00              push dword 0x0
000019A5  6A04              push dword 0x4
000019A7  60                pusha
000019A8  668CD8            mov ax,ds
000019AB  50                push eax
000019AC  66B81000          mov ax,0x10
000019B0  8ED8              mov ds,eax
000019B2  8EE0              mov fs,eax
000019B4  8EE8              mov gs,eax
000019B6  8EC0              mov es,eax
000019B8  BBD9260000        mov ebx,0x26d9
000019BD  E809FFFFFF        call 0x18cb
000019C2  58                pop eax
000019C3  8ED8              mov ds,eax
000019C5  8EE0              mov fs,eax
000019C7  8EE8              mov gs,eax
000019C9  8EC0              mov es,eax
000019CB  61                popa
000019CC  83C408            add esp,0x8
000019CF  FB                sti
000019D0  CF                iret
000019D1  FA                cli
000019D2  6A00              push dword 0x0
000019D4  6A05              push dword 0x5
000019D6  60                pusha
000019D7  668CD8            mov ax,ds
000019DA  50                push eax
000019DB  66B81000          mov ax,0x10
000019DF  8ED8              mov ds,eax
000019E1  8EE0              mov fs,eax
000019E3  8EE8              mov gs,eax
000019E5  8EC0              mov es,eax
000019E7  BBFF260000        mov ebx,0x26ff
000019EC  E8DAFEFFFF        call 0x18cb
000019F1  58                pop eax
000019F2  8ED8              mov ds,eax
000019F4  8EE0              mov fs,eax
000019F6  8EE8              mov gs,eax
000019F8  8EC0              mov es,eax
000019FA  61                popa
000019FB  83C408            add esp,0x8
000019FE  FB                sti
000019FF  CF                iret
00001A00  FA                cli
00001A01  6A00              push dword 0x0
00001A03  6A06              push dword 0x6
00001A05  60                pusha
00001A06  668CD8            mov ax,ds
00001A09  50                push eax
00001A0A  66B81000          mov ax,0x10
00001A0E  8ED8              mov ds,eax
00001A10  8EE0              mov fs,eax
00001A12  8EE8              mov gs,eax
00001A14  8EC0              mov es,eax
00001A16  BB1C270000        mov ebx,0x271c
00001A1B  E8ABFEFFFF        call 0x18cb
00001A20  58                pop eax
00001A21  8ED8              mov ds,eax
00001A23  8EE0              mov fs,eax
00001A25  8EE8              mov gs,eax
00001A27  8EC0              mov es,eax
00001A29  61                popa
00001A2A  83C408            add esp,0x8
00001A2D  FB                sti
00001A2E  CF                iret
00001A2F  FA                cli
00001A30  6A00              push dword 0x0
00001A32  6A07              push dword 0x7
00001A34  60                pusha
00001A35  668CD8            mov ax,ds
00001A38  50                push eax
00001A39  66B81000          mov ax,0x10
00001A3D  8ED8              mov ds,eax
00001A3F  8EE0              mov fs,eax
00001A41  8EE8              mov gs,eax
00001A43  8EC0              mov es,eax
00001A45  BB3A270000        mov ebx,0x273a
00001A4A  E87CFEFFFF        call 0x18cb
00001A4F  58                pop eax
00001A50  8ED8              mov ds,eax
00001A52  8EE0              mov fs,eax
00001A54  8EE8              mov gs,eax
00001A56  8EC0              mov es,eax
00001A58  61                popa
00001A59  83C408            add esp,0x8
00001A5C  FB                sti
00001A5D  CF                iret
00001A5E  FA                cli
00001A5F  6A00              push dword 0x0
00001A61  6A08              push dword 0x8
00001A63  60                pusha
00001A64  668CD8            mov ax,ds
00001A67  50                push eax
00001A68  66B81000          mov ax,0x10
00001A6C  8ED8              mov ds,eax
00001A6E  8EE0              mov fs,eax
00001A70  8EE8              mov gs,eax
00001A72  8EC0              mov es,eax
00001A74  BB58270000        mov ebx,0x2758
00001A79  E84DFEFFFF        call 0x18cb
00001A7E  58                pop eax
00001A7F  8ED8              mov ds,eax
00001A81  8EE0              mov fs,eax
00001A83  8EE8              mov gs,eax
00001A85  8EC0              mov es,eax
00001A87  61                popa
00001A88  83C408            add esp,0x8
00001A8B  FB                sti
00001A8C  CF                iret
00001A8D  FA                cli
00001A8E  6A00              push dword 0x0
00001A90  6A09              push dword 0x9
00001A92  60                pusha
00001A93  668CD8            mov ax,ds
00001A96  50                push eax
00001A97  66B81000          mov ax,0x10
00001A9B  8ED8              mov ds,eax
00001A9D  8EE0              mov fs,eax
00001A9F  8EE8              mov gs,eax
00001AA1  8EC0              mov es,eax
00001AA3  BB74270000        mov ebx,0x2774
00001AA8  E81EFEFFFF        call 0x18cb
00001AAD  58                pop eax
00001AAE  8ED8              mov ds,eax
00001AB0  8EE0              mov fs,eax
00001AB2  8EE8              mov gs,eax
00001AB4  8EC0              mov es,eax
00001AB6  61                popa
00001AB7  83C408            add esp,0x8
00001ABA  FB                sti
00001ABB  CF                iret
00001ABC  FA                cli
00001ABD  6A00              push dword 0x0
00001ABF  6A0A              push dword 0xa
00001AC1  60                pusha
00001AC2  668CD8            mov ax,ds
00001AC5  50                push eax
00001AC6  66B81000          mov ax,0x10
00001ACA  8ED8              mov ds,eax
00001ACC  8EE0              mov fs,eax
00001ACE  8EE8              mov gs,eax
00001AD0  8EC0              mov es,eax
00001AD2  BB9F270000        mov ebx,0x279f
00001AD7  E8EFFDFFFF        call 0x18cb
00001ADC  58                pop eax
00001ADD  8ED8              mov ds,eax
00001ADF  8EE0              mov fs,eax
00001AE1  8EE8              mov gs,eax
00001AE3  8EC0              mov es,eax
00001AE5  61                popa
00001AE6  83C408            add esp,0x8
00001AE9  FB                sti
00001AEA  CF                iret
00001AEB  FA                cli
00001AEC  6A00              push dword 0x0
00001AEE  6A0B              push dword 0xb
00001AF0  60                pusha
00001AF1  668CD8            mov ax,ds
00001AF4  50                push eax
00001AF5  66B81000          mov ax,0x10
00001AF9  8ED8              mov ds,eax
00001AFB  8EE0              mov fs,eax
00001AFD  8EE8              mov gs,eax
00001AFF  8EC0              mov es,eax
00001B01  BBB6270000        mov ebx,0x27b6
00001B06  E8C0FDFFFF        call 0x18cb
00001B0B  58                pop eax
00001B0C  8ED8              mov ds,eax
00001B0E  8EE0              mov fs,eax
00001B10  8EE8              mov gs,eax
00001B12  8EC0              mov es,eax
00001B14  61                popa
00001B15  83C408            add esp,0x8
00001B18  FB                sti
00001B19  CF                iret
00001B1A  FA                cli
00001B1B  6A00              push dword 0x0
00001B1D  6A0C              push dword 0xc
00001B1F  60                pusha
00001B20  668CD8            mov ax,ds
00001B23  50                push eax
00001B24  66B81000          mov ax,0x10
00001B28  8ED8              mov ds,eax
00001B2A  8EE0              mov fs,eax
00001B2C  8EE8              mov gs,eax
00001B2E  8EC0              mov es,eax
00001B30  BBD9270000        mov ebx,0x27d9
00001B35  E891FDFFFF        call 0x18cb
00001B3A  58                pop eax
00001B3B  8ED8              mov ds,eax
00001B3D  8EE0              mov fs,eax
00001B3F  8EE8              mov gs,eax
00001B41  8EC0              mov es,eax
00001B43  61                popa
00001B44  83C408            add esp,0x8
00001B47  FB                sti
00001B48  CF                iret
00001B49  FA                cli
00001B4A  6A00              push dword 0x0
00001B4C  6A0D              push dword 0xd
00001B4E  60                pusha
00001B4F  668CD8            mov ax,ds
00001B52  50                push eax
00001B53  66B81000          mov ax,0x10
00001B57  8ED8              mov ds,eax
00001B59  8EE0              mov fs,eax
00001B5B  8EE8              mov gs,eax
00001B5D  8EC0              mov es,eax
00001B5F  BBF4270000        mov ebx,0x27f4
00001B64  E862FDFFFF        call 0x18cb
00001B69  58                pop eax
00001B6A  8ED8              mov ds,eax
00001B6C  8EE0              mov fs,eax
00001B6E  8EE8              mov gs,eax
00001B70  8EC0              mov es,eax
00001B72  61                popa
00001B73  83C408            add esp,0x8
00001B76  FB                sti
00001B77  CF                iret
00001B78  FA                cli
00001B79  6A00              push dword 0x0
00001B7B  6A0E              push dword 0xe
00001B7D  60                pusha
00001B7E  668CD8            mov ax,ds
00001B81  50                push eax
00001B82  66B81000          mov ax,0x10
00001B86  8ED8              mov ds,eax
00001B88  8EE0              mov fs,eax
00001B8A  8EE8              mov gs,eax
00001B8C  8EC0              mov es,eax
00001B8E  BB1C280000        mov ebx,0x281c
00001B93  E833FDFFFF        call 0x18cb
00001B98  58                pop eax
00001B99  8ED8              mov ds,eax
00001B9B  8EE0              mov fs,eax
00001B9D  8EE8              mov gs,eax
00001B9F  8EC0              mov es,eax
00001BA1  61                popa
00001BA2  83C408            add esp,0x8
00001BA5  FB                sti
00001BA6  CF                iret
00001BA7  FA                cli
00001BA8  6A00              push dword 0x0
00001BAA  6A0F              push dword 0xf
00001BAC  60                pusha
00001BAD  668CD8            mov ax,ds
00001BB0  50                push eax
00001BB1  66B81000          mov ax,0x10
00001BB5  8ED8              mov ds,eax
00001BB7  8EE0              mov fs,eax
00001BB9  8EE8              mov gs,eax
00001BBB  8EC0              mov es,eax
00001BBD  BB36280000        mov ebx,0x2836
00001BC2  E804FDFFFF        call 0x18cb
00001BC7  58                pop eax
00001BC8  8ED8              mov ds,eax
00001BCA  8EE0              mov fs,eax
00001BCC  8EE8              mov gs,eax
00001BCE  8EC0              mov es,eax
00001BD0  61                popa
00001BD1  83C408            add esp,0x8
00001BD4  FB                sti
00001BD5  CF                iret
00001BD6  FA                cli
00001BD7  6A00              push dword 0x0
00001BD9  6A10              push dword 0x10
00001BDB  60                pusha
00001BDC  668CD8            mov ax,ds
00001BDF  50                push eax
00001BE0  66B81000          mov ax,0x10
00001BE4  8ED8              mov ds,eax
00001BE6  8EE0              mov fs,eax
00001BE8  8EE8              mov gs,eax
00001BEA  8EC0              mov es,eax
00001BEC  BB57280000        mov ebx,0x2857
00001BF1  E8D5FCFFFF        call 0x18cb
00001BF6  58                pop eax
00001BF7  8ED8              mov ds,eax
00001BF9  8EE0              mov fs,eax
00001BFB  8EE8              mov gs,eax
00001BFD  8EC0              mov es,eax
00001BFF  61                popa
00001C00  83C408            add esp,0x8
00001C03  FB                sti
00001C04  CF                iret
00001C05  FA                cli
00001C06  6A00              push dword 0x0
00001C08  6A11              push dword 0x11
00001C0A  60                pusha
00001C0B  668CD8            mov ax,ds
00001C0E  50                push eax
00001C0F  66B81000          mov ax,0x10
00001C13  8ED8              mov ds,eax
00001C15  8EE0              mov fs,eax
00001C17  8EE8              mov gs,eax
00001C19  8EC0              mov es,eax
00001C1B  BB77280000        mov ebx,0x2877
00001C20  E8A6FCFFFF        call 0x18cb
00001C25  58                pop eax
00001C26  8ED8              mov ds,eax
00001C28  8EE0              mov fs,eax
00001C2A  8EE8              mov gs,eax
00001C2C  8EC0              mov es,eax
00001C2E  61                popa
00001C2F  83C408            add esp,0x8
00001C32  FB                sti
00001C33  CF                iret
00001C34  FA                cli
00001C35  6A00              push dword 0x0
00001C37  6A12              push dword 0x12
00001C39  60                pusha
00001C3A  668CD8            mov ax,ds
00001C3D  50                push eax
00001C3E  66B81000          mov ax,0x10
00001C42  8ED8              mov ds,eax
00001C44  8EE0              mov fs,eax
00001C46  8EE8              mov gs,eax
00001C48  8EC0              mov es,eax
00001C4A  BB96280000        mov ebx,0x2896
00001C4F  E877FCFFFF        call 0x18cb
00001C54  58                pop eax
00001C55  8ED8              mov ds,eax
00001C57  8EE0              mov fs,eax
00001C59  8EE8              mov gs,eax
00001C5B  8EC0              mov es,eax
00001C5D  61                popa
00001C5E  83C408            add esp,0x8
00001C61  FB                sti
00001C62  CF                iret
00001C63  FA                cli
00001C64  6A00              push dword 0x0
00001C66  6A13              push dword 0x13
00001C68  60                pusha
00001C69  668CD8            mov ax,ds
00001C6C  50                push eax
00001C6D  66B81000          mov ax,0x10
00001C71  8ED8              mov ds,eax
00001C73  8EE0              mov fs,eax
00001C75  8EE8              mov gs,eax
00001C77  8EC0              mov es,eax
00001C79  BBB3280000        mov ebx,0x28b3
00001C7E  E848FCFFFF        call 0x18cb
00001C83  58                pop eax
00001C84  8ED8              mov ds,eax
00001C86  8EE0              mov fs,eax
00001C88  8EE8              mov gs,eax
00001C8A  8EC0              mov es,eax
00001C8C  61                popa
00001C8D  83C408            add esp,0x8
00001C90  FB                sti
00001C91  CF                iret
00001C92  FA                cli
00001C93  6A00              push dword 0x0
00001C95  6A14              push dword 0x14
00001C97  60                pusha
00001C98  668CD8            mov ax,ds
00001C9B  50                push eax
00001C9C  66B81000          mov ax,0x10
00001CA0  8ED8              mov ds,eax
00001CA2  8EE0              mov fs,eax
00001CA4  8EE8              mov gs,eax
00001CA6  8EC0              mov es,eax
00001CA8  BBB3280000        mov ebx,0x28b3
00001CAD  E819FCFFFF        call 0x18cb
00001CB2  58                pop eax
00001CB3  8ED8              mov ds,eax
00001CB5  8EE0              mov fs,eax
00001CB7  8EE8              mov gs,eax
00001CB9  8EC0              mov es,eax
00001CBB  61                popa
00001CBC  83C408            add esp,0x8
00001CBF  FB                sti
00001CC0  CF                iret
00001CC1  FA                cli
00001CC2  6A00              push dword 0x0
00001CC4  6A15              push dword 0x15
00001CC6  60                pusha
00001CC7  668CD8            mov ax,ds
00001CCA  50                push eax
00001CCB  66B81000          mov ax,0x10
00001CCF  8ED8              mov ds,eax
00001CD1  8EE0              mov fs,eax
00001CD3  8EE8              mov gs,eax
00001CD5  8EC0              mov es,eax
00001CD7  BBB3280000        mov ebx,0x28b3
00001CDC  E8EAFBFFFF        call 0x18cb
00001CE1  58                pop eax
00001CE2  8ED8              mov ds,eax
00001CE4  8EE0              mov fs,eax
00001CE6  8EE8              mov gs,eax
00001CE8  8EC0              mov es,eax
00001CEA  61                popa
00001CEB  83C408            add esp,0x8
00001CEE  FB                sti
00001CEF  CF                iret
00001CF0  FA                cli
00001CF1  6A00              push dword 0x0
00001CF3  6A16              push dword 0x16
00001CF5  60                pusha
00001CF6  668CD8            mov ax,ds
00001CF9  50                push eax
00001CFA  66B81000          mov ax,0x10
00001CFE  8ED8              mov ds,eax
00001D00  8EE0              mov fs,eax
00001D02  8EE8              mov gs,eax
00001D04  8EC0              mov es,eax
00001D06  BBB3280000        mov ebx,0x28b3
00001D0B  E8BBFBFFFF        call 0x18cb
00001D10  58                pop eax
00001D11  8ED8              mov ds,eax
00001D13  8EE0              mov fs,eax
00001D15  8EE8              mov gs,eax
00001D17  8EC0              mov es,eax
00001D19  61                popa
00001D1A  83C408            add esp,0x8
00001D1D  FB                sti
00001D1E  CF                iret
00001D1F  FA                cli
00001D20  6A00              push dword 0x0
00001D22  6A17              push dword 0x17
00001D24  60                pusha
00001D25  668CD8            mov ax,ds
00001D28  50                push eax
00001D29  66B81000          mov ax,0x10
00001D2D  8ED8              mov ds,eax
00001D2F  8EE0              mov fs,eax
00001D31  8EE8              mov gs,eax
00001D33  8EC0              mov es,eax
00001D35  BBB3280000        mov ebx,0x28b3
00001D3A  E88CFBFFFF        call 0x18cb
00001D3F  58                pop eax
00001D40  8ED8              mov ds,eax
00001D42  8EE0              mov fs,eax
00001D44  8EE8              mov gs,eax
00001D46  8EC0              mov es,eax
00001D48  61                popa
00001D49  83C408            add esp,0x8
00001D4C  FB                sti
00001D4D  CF                iret
00001D4E  FA                cli
00001D4F  6A00              push dword 0x0
00001D51  6A18              push dword 0x18
00001D53  60                pusha
00001D54  668CD8            mov ax,ds
00001D57  50                push eax
00001D58  66B81000          mov ax,0x10
00001D5C  8ED8              mov ds,eax
00001D5E  8EE0              mov fs,eax
00001D60  8EE8              mov gs,eax
00001D62  8EC0              mov es,eax
00001D64  BBB3280000        mov ebx,0x28b3
00001D69  E85DFBFFFF        call 0x18cb
00001D6E  58                pop eax
00001D6F  8ED8              mov ds,eax
00001D71  8EE0              mov fs,eax
00001D73  8EE8              mov gs,eax
00001D75  8EC0              mov es,eax
00001D77  61                popa
00001D78  83C408            add esp,0x8
00001D7B  FB                sti
00001D7C  CF                iret
00001D7D  FA                cli
00001D7E  6A00              push dword 0x0
00001D80  6A19              push dword 0x19
00001D82  60                pusha
00001D83  668CD8            mov ax,ds
00001D86  50                push eax
00001D87  66B81000          mov ax,0x10
00001D8B  8ED8              mov ds,eax
00001D8D  8EE0              mov fs,eax
00001D8F  8EE8              mov gs,eax
00001D91  8EC0              mov es,eax
00001D93  BBB3280000        mov ebx,0x28b3
00001D98  E82EFBFFFF        call 0x18cb
00001D9D  58                pop eax
00001D9E  8ED8              mov ds,eax
00001DA0  8EE0              mov fs,eax
00001DA2  8EE8              mov gs,eax
00001DA4  8EC0              mov es,eax
00001DA6  61                popa
00001DA7  83C408            add esp,0x8
00001DAA  FB                sti
00001DAB  CF                iret
00001DAC  FA                cli
00001DAD  6A00              push dword 0x0
00001DAF  6A1A              push dword 0x1a
00001DB1  60                pusha
00001DB2  668CD8            mov ax,ds
00001DB5  50                push eax
00001DB6  66B81000          mov ax,0x10
00001DBA  8ED8              mov ds,eax
00001DBC  8EE0              mov fs,eax
00001DBE  8EE8              mov gs,eax
00001DC0  8EC0              mov es,eax
00001DC2  BBB3280000        mov ebx,0x28b3
00001DC7  E8FFFAFFFF        call 0x18cb
00001DCC  58                pop eax
00001DCD  8ED8              mov ds,eax
00001DCF  8EE0              mov fs,eax
00001DD1  8EE8              mov gs,eax
00001DD3  8EC0              mov es,eax
00001DD5  61                popa
00001DD6  83C408            add esp,0x8
00001DD9  FB                sti
00001DDA  CF                iret
00001DDB  FA                cli
00001DDC  6A00              push dword 0x0
00001DDE  6A1B              push dword 0x1b
00001DE0  60                pusha
00001DE1  668CD8            mov ax,ds
00001DE4  50                push eax
00001DE5  66B81000          mov ax,0x10
00001DE9  8ED8              mov ds,eax
00001DEB  8EE0              mov fs,eax
00001DED  8EE8              mov gs,eax
00001DEF  8EC0              mov es,eax
00001DF1  BBB3280000        mov ebx,0x28b3
00001DF6  E8D0FAFFFF        call 0x18cb
00001DFB  58                pop eax
00001DFC  8ED8              mov ds,eax
00001DFE  8EE0              mov fs,eax
00001E00  8EE8              mov gs,eax
00001E02  8EC0              mov es,eax
00001E04  61                popa
00001E05  83C408            add esp,0x8
00001E08  FB                sti
00001E09  CF                iret
00001E0A  FA                cli
00001E0B  6A00              push dword 0x0
00001E0D  6A1C              push dword 0x1c
00001E0F  60                pusha
00001E10  668CD8            mov ax,ds
00001E13  50                push eax
00001E14  66B81000          mov ax,0x10
00001E18  8ED8              mov ds,eax
00001E1A  8EE0              mov fs,eax
00001E1C  8EE8              mov gs,eax
00001E1E  8EC0              mov es,eax
00001E20  BBB3280000        mov ebx,0x28b3
00001E25  E8A1FAFFFF        call 0x18cb
00001E2A  58                pop eax
00001E2B  8ED8              mov ds,eax
00001E2D  8EE0              mov fs,eax
00001E2F  8EE8              mov gs,eax
00001E31  8EC0              mov es,eax
00001E33  61                popa
00001E34  83C408            add esp,0x8
00001E37  FB                sti
00001E38  CF                iret
00001E39  FA                cli
00001E3A  6A00              push dword 0x0
00001E3C  6A1D              push dword 0x1d
00001E3E  60                pusha
00001E3F  668CD8            mov ax,ds
00001E42  50                push eax
00001E43  66B81000          mov ax,0x10
00001E47  8ED8              mov ds,eax
00001E49  8EE0              mov fs,eax
00001E4B  8EE8              mov gs,eax
00001E4D  8EC0              mov es,eax
00001E4F  BBB3280000        mov ebx,0x28b3
00001E54  E872FAFFFF        call 0x18cb
00001E59  58                pop eax
00001E5A  8ED8              mov ds,eax
00001E5C  8EE0              mov fs,eax
00001E5E  8EE8              mov gs,eax
00001E60  8EC0              mov es,eax
00001E62  61                popa
00001E63  83C408            add esp,0x8
00001E66  FB                sti
00001E67  CF                iret
00001E68  FA                cli
00001E69  6A00              push dword 0x0
00001E6B  6A1E              push dword 0x1e
00001E6D  60                pusha
00001E6E  668CD8            mov ax,ds
00001E71  50                push eax
00001E72  66B81000          mov ax,0x10
00001E76  8ED8              mov ds,eax
00001E78  8EE0              mov fs,eax
00001E7A  8EE8              mov gs,eax
00001E7C  8EC0              mov es,eax
00001E7E  BBB3280000        mov ebx,0x28b3
00001E83  E843FAFFFF        call 0x18cb
00001E88  58                pop eax
00001E89  8ED8              mov ds,eax
00001E8B  8EE0              mov fs,eax
00001E8D  8EE8              mov gs,eax
00001E8F  8EC0              mov es,eax
00001E91  61                popa
00001E92  83C408            add esp,0x8
00001E95  FB                sti
00001E96  CF                iret
00001E97  FA                cli
00001E98  6A00              push dword 0x0
00001E9A  6A1F              push dword 0x1f
00001E9C  60                pusha
00001E9D  668CD8            mov ax,ds
00001EA0  50                push eax
00001EA1  66B81000          mov ax,0x10
00001EA5  8ED8              mov ds,eax
00001EA7  8EE0              mov fs,eax
00001EA9  8EE8              mov gs,eax
00001EAB  8EC0              mov es,eax
00001EAD  BBB3280000        mov ebx,0x28b3
00001EB2  E814FAFFFF        call 0x18cb
00001EB7  58                pop eax
00001EB8  8ED8              mov ds,eax
00001EBA  8EE0              mov fs,eax
00001EBC  8EE8              mov gs,eax
00001EBE  8EC0              mov es,eax
00001EC0  61                popa
00001EC1  83C408            add esp,0x8
00001EC4  FB                sti
00001EC5  CF                iret
00001EC6  FA                cli
00001EC7  6A00              push dword 0x0
00001EC9  6A20              push dword 0x20
00001ECB  60                pusha
00001ECC  668CD8            mov ax,ds
00001ECF  50                push eax
00001ED0  66B81000          mov ax,0x10
00001ED4  8ED8              mov ds,eax
00001ED6  8EC0              mov es,eax
00001ED8  8EE8              mov gs,eax
00001EDA  8EE0              mov fs,eax
00001EDC  E89EF3FFFF        call 0x127f
00001EE1  58                pop eax
00001EE2  8ED8              mov ds,eax
00001EE4  8EC0              mov es,eax
00001EE6  8EE8              mov gs,eax
00001EE8  8EE0              mov fs,eax
00001EEA  61                popa
00001EEB  83C408            add esp,0x8
00001EEE  FB                sti
00001EEF  CF                iret
00001EF0  FA                cli
00001EF1  6A00              push dword 0x0
00001EF3  6A21              push dword 0x21
00001EF5  60                pusha
00001EF6  668CD8            mov ax,ds
00001EF9  50                push eax
00001EFA  66B81000          mov ax,0x10
00001EFE  8ED8              mov ds,eax
00001F00  8EC0              mov es,eax
00001F02  8EE8              mov gs,eax
00001F04  8EE0              mov fs,eax
00001F06  E874F3FFFF        call 0x127f
00001F0B  58                pop eax
00001F0C  8ED8              mov ds,eax
00001F0E  8EC0              mov es,eax
00001F10  8EE8              mov gs,eax
00001F12  8EE0              mov fs,eax
00001F14  61                popa
00001F15  83C408            add esp,0x8
00001F18  FB                sti
00001F19  CF                iret
00001F1A  0000              add [eax],al
00001F1C  2000              and [eax],al
00001F1E  45                inc ebp
00001F1F  52                push edx
00001F20  52                push edx
00001F21  4F                dec edi
00001F22  52                push edx
00001F23  004553            add [ebp+0x53],al
00001F26  43                inc ebx
00001F27  0031              add [ecx],dh
00001F29  0032              add [edx],dh
00001F2B  0033              add [ebx],dh
00001F2D  003400            add [eax+eax],dh
00001F30  3500360037        xor eax,0x37003600
00001F35  0038              add [eax],bh
00001F37  0039              add [ecx],bh
00001F39  0030              add [eax],dh
00001F3B  002D002B0054      add [0x54002b00],ch
00001F41  61                popa
00001F42  6200              bound eax,[eax]
00001F44  51                push ecx
00001F45  007100            add [ecx+0x0],dh
00001F48  57                push edi
00001F49  007700            add [edi+0x0],dh
00001F4C  45                inc ebp
00001F4D  006500            add [ebp+0x0],ah
00001F50  52                push edx
00001F51  007200            add [edx+0x0],dh
00001F54  54                push esp
00001F55  00740059          add [eax+eax+0x59],dh
00001F59  007900            add [ecx+0x0],bh
00001F5C  55                push ebp
00001F5D  007500            add [ebp+0x0],dh
00001F60  49                dec ecx
00001F61  006900            add [ecx+0x0],ch
00001F64  4F                dec edi
00001F65  006F00            add [edi+0x0],ch
00001F68  50                push eax
00001F69  007000            add [eax+0x0],dh
00001F6C  5B                pop ebx
00001F6D  005D00            add [ebp+0x0],bl
00001F70  0A00              or al,[eax]
00001F72  4C                dec esp
00001F73  43                inc ebx
00001F74  7472              jz 0x1fe8
00001F76  6C                insb
00001F77  004100            add [ecx+0x0],al
00001F7A  61                popa
00001F7B  005300            add [ebx+0x0],dl
00001F7E  7300              jnc 0x1f80
00001F80  44                inc esp
00001F81  00640046          add [eax+eax+0x46],ah
00001F85  006600            add [esi+0x0],ah
00001F88  47                inc edi
00001F89  006700            add [edi+0x0],ah
00001F8C  48                dec eax
00001F8D  006800            add [eax+0x0],ch
00001F90  4A                dec edx
00001F91  006A00            add [edx+0x0],ch
00001F94  4B                dec ebx
00001F95  006B00            add [ebx+0x0],ch
00001F98  4C                dec esp
00001F99  006C003B          add [eax+eax+0x3b],ch
00001F9D  0027              add [edi],ah
00001F9F  006000            add [eax+0x0],ah
00001FA2  4C                dec esp
00001FA3  53                push ebx
00001FA4  6869667400        push dword 0x746669
00001FA9  5C                pop esp
00001FAA  005A00            add [edx+0x0],bl
00001FAD  7A00              jpe 0x1faf
00001FAF  58                pop eax
00001FB0  007800            add [eax+0x0],bh
00001FB3  43                inc ebx
00001FB4  006300            add [ebx+0x0],ah
00001FB7  56                push esi
00001FB8  007600            add [esi+0x0],dh
00001FBB  42                inc edx
00001FBC  006200            add [edx+0x0],ah
00001FBF  4E                dec esi
00001FC0  006E00            add [esi+0x0],ch
00001FC3  4D                dec ebp
00001FC4  006D00            add [ebp+0x0],ch
00001FC7  2C00              sub al,0x0
00001FC9  2E002F            add [cs:edi],ch
00001FCC  005273            add [edx+0x73],dl
00001FCF  6869667400        push dword 0x746669
00001FD4  4B                dec ebx
00001FD5  657970            gs jns 0x2048
00001FD8  61                popa
00001FD9  64202A            and [fs:edx],ch
00001FDC  004C416C          add [ecx+eax*2+0x6c],cl
00001FE0  7400              jz 0x1fe2
00001FE2  0000              add [eax],al
00001FE4  781A              js 0x2000
00001FE6  0000              add [eax],al
00001FE8  8D1A              lea ebx,[edx]
00001FEA  0000              add [eax],al
00001FEC  A21A0000B7        mov [0xb700001a],al
00001FF1  1A00              sbb al,[eax]
00001FF3  00CC              add ah,cl
00001FF5  1A00              sbb al,[eax]
00001FF7  00E1              add cl,ah
00001FF9  1A00              sbb al,[eax]
00001FFB  00F6              add dh,dh
00001FFD  1A00              sbb al,[eax]
00001FFF  000B              add [ebx],cl
00002001  1B00              sbb eax,[eax]
00002003  0020              add [eax],ah
00002005  1B00              sbb eax,[eax]
00002007  00351B00004A      add [0x4a00001b],dh
0000200D  1B00              sbb eax,[eax]
0000200F  005F1B            add [edi+0x1b],bl
00002012  0000              add [eax],al
00002014  741B              jz 0x2031
00002016  0000              add [eax],al
00002018  891B              mov [ebx],ebx
0000201A  0000              add [eax],al
0000201C  9E                sahf
0000201D  1B00              sbb eax,[eax]
0000201F  00A81B0000BD      add [eax-0x42ffffe5],ch
00002025  1B00              sbb eax,[eax]
00002027  00F2              add dl,dh
00002029  1B00              sbb eax,[eax]
0000202B  0027              add [edi],ah
0000202D  1C00              sbb al,0x0
0000202F  005C1C00          add [esp+ebx+0x0],bl
00002033  00911C0000C6      add [ecx-0x39ffffe4],dl
00002039  1C00              sbb al,0x0
0000203B  00FB              add bl,bh
0000203D  1C00              sbb al,0x0
0000203F  0030              add [eax],dh
00002041  1D0000651D        sbb eax,0x1d650000
00002046  0000              add [eax],al
00002048  9A1D0000CF1D00    call word 0x1d:dword 0xcf00001d
0000204F  00E4              add ah,ah
00002051  1D0000F91D        sbb eax,0x1df90000
00002056  0000              add [eax],al
00002058  0E                push cs
00002059  1E                push ds
0000205A  0000              add [eax],al
0000205C  231E              and ebx,[esi]
0000205E  0000              add [eax],al
00002060  58                pop eax
00002061  1E                push ds
00002062  0000              add [eax],al
00002064  8D1E              lea ebx,[esi]
00002066  0000              add [eax],al
00002068  C21E00            ret word 0x1e
0000206B  00F7              add bh,dh
0000206D  1E                push ds
0000206E  0000              add [eax],al
00002070  2C1F              sub al,0x1f
00002072  0000              add [eax],al
00002074  61                popa
00002075  1F                pop ds
00002076  0000              add [eax],al
00002078  96                xchg eax,esi
00002079  1F                pop ds
0000207A  0000              add [eax],al
0000207C  CB                retf
0000207D  1F                pop ds
0000207E  0000              add [eax],al
00002080  0020              add [eax],ah
00002082  0000              add [eax],al
00002084  152000002A        adc eax,0x2a000020
00002089  2000              and [eax],al
0000208B  003F              add [edi],bh
0000208D  2000              and [eax],al
0000208F  00542000          add [eax+0x0],dl
00002093  006920            add [ecx+0x20],ch
00002096  0000              add [eax],al
00002098  9E                sahf
00002099  2000              and [eax],al
0000209B  00D3              add bl,dl
0000209D  2000              and [eax],al
0000209F  0008              add [eax],cl
000020A1  2100              and [eax],eax
000020A3  003D21000072      add [0x72000021],bh
000020A9  2100              and [eax],eax
000020AB  00A7210000DC      add [edi-0x23ffffdf],ah
000020B1  2100              and [eax],eax
000020B3  00F1              add cl,dh
000020B5  2100              and [eax],eax
000020B7  0003              add [ebx],al
000020B9  2200              and al,[eax]
000020BB  001522000027      add [0x27000022],dl
000020C1  2200              and al,[eax]
000020C3  0039              add [ecx],bh
000020C5  2200              and al,[eax]
000020C7  004B22            add [ebx+0x22],cl
000020CA  0000              add [eax],al
000020CC  5D                pop ebp
000020CD  2200              and al,[eax]
000020CF  00556E            add [ebp+0x6e],dl
000020D2  68616E646C        push dword 0x6c646e61
000020D7  6564204952        and [fs:ecx+0x52],cl
000020DC  51                push ecx
000020DD  3A20              cmp ah,[eax]
000020DF  005355            add [ebx+0x55],dl
000020E2  43                inc ebx
000020E3  43                inc ebx
000020E4  45                inc ebp
000020E5  53                push ebx
000020E6  53                push ebx
000020E7  004B4F            add [ebx+0x4f],cl
000020EA  53                push ebx
000020EB  204F4D            and [edi+0x4d],cl
000020EE  41                inc ecx
000020EF  4B                dec ebx
000020F0  0000              add [eax],al
000020F2  0000              add [eax],al
000020F4  0000              add [eax],al
000020F6  0000              add [eax],al
000020F8  0000              add [eax],al
000020FA  0000              add [eax],al
000020FC  0000              add [eax],al
000020FE  0000              add [eax],al
00002100  0000              add [eax],al
00002102  0000              add [eax],al
00002104  0000              add [eax],al
00002106  0000              add [eax],al
00002108  0000              add [eax],al
0000210A  0000              add [eax],al
0000210C  0000              add [eax],al
0000210E  0000              add [eax],al
00002110  0000              add [eax],al
00002112  0000              add [eax],al
00002114  0000              add [eax],al
00002116  0000              add [eax],al
00002118  0000              add [eax],al
0000211A  0000              add [eax],al
0000211C  0000              add [eax],al
0000211E  0000              add [eax],al
00002120  0000              add [eax],al
00002122  0000              add [eax],al
00002124  0000              add [eax],al
00002126  0000              add [eax],al
00002128  0000              add [eax],al
0000212A  0000              add [eax],al
0000212C  0000              add [eax],al
0000212E  0000              add [eax],al
00002130  0000              add [eax],al
00002132  0000              add [eax],al
00002134  0000              add [eax],al
00002136  0000              add [eax],al
00002138  0000              add [eax],al
0000213A  0000              add [eax],al
0000213C  0000              add [eax],al
0000213E  0000              add [eax],al
00002140  0000              add [eax],al
00002142  0000              add [eax],al
00002144  0000              add [eax],al
00002146  0000              add [eax],al
00002148  0000              add [eax],al
0000214A  0000              add [eax],al
0000214C  0000              add [eax],al
0000214E  0000              add [eax],al
00002150  0000              add [eax],al
00002152  0000              add [eax],al
00002154  0000              add [eax],al
00002156  0000              add [eax],al
00002158  0000              add [eax],al
0000215A  0000              add [eax],al
0000215C  0000              add [eax],al
0000215E  0000              add [eax],al
00002160  0000              add [eax],al
00002162  0000              add [eax],al
00002164  0000              add [eax],al
00002166  0000              add [eax],al
00002168  0000              add [eax],al
0000216A  0000              add [eax],al
0000216C  0000              add [eax],al
0000216E  0000              add [eax],al
00002170  0000              add [eax],al
00002172  0000              add [eax],al
00002174  0000              add [eax],al
00002176  0000              add [eax],al
00002178  0000              add [eax],al
0000217A  0000              add [eax],al
0000217C  0000              add [eax],al
0000217E  0000              add [eax],al
00002180  0000              add [eax],al
00002182  0000              add [eax],al
00002184  0000              add [eax],al
00002186  0000              add [eax],al
00002188  0000              add [eax],al
0000218A  0000              add [eax],al
0000218C  0000              add [eax],al
0000218E  0000              add [eax],al
00002190  0000              add [eax],al
00002192  0000              add [eax],al
00002194  0000              add [eax],al
00002196  0000              add [eax],al
00002198  0000              add [eax],al
0000219A  0000              add [eax],al
0000219C  0000              add [eax],al
0000219E  0000              add [eax],al
000021A0  0000              add [eax],al
000021A2  0000              add [eax],al
000021A4  0000              add [eax],al
000021A6  0000              add [eax],al
000021A8  0000              add [eax],al
000021AA  0000              add [eax],al
000021AC  0000              add [eax],al
000021AE  0000              add [eax],al
000021B0  0000              add [eax],al
000021B2  0000              add [eax],al
000021B4  0000              add [eax],al
000021B6  0000              add [eax],al
000021B8  0000              add [eax],al
000021BA  0000              add [eax],al
000021BC  0000              add [eax],al
000021BE  0000              add [eax],al
000021C0  0000              add [eax],al
000021C2  0000              add [eax],al
000021C4  0000              add [eax],al
000021C6  0000              add [eax],al
000021C8  0000              add [eax],al
000021CA  0000              add [eax],al
000021CC  0000              add [eax],al
000021CE  0000              add [eax],al
000021D0  0000              add [eax],al
000021D2  0000              add [eax],al
000021D4  0000              add [eax],al
000021D6  0000              add [eax],al
000021D8  0000              add [eax],al
000021DA  0000              add [eax],al
000021DC  0000              add [eax],al
000021DE  0000              add [eax],al
000021E0  0000              add [eax],al
000021E2  0000              add [eax],al
000021E4  0000              add [eax],al
000021E6  0000              add [eax],al
000021E8  0000              add [eax],al
000021EA  0000              add [eax],al
000021EC  0000              add [eax],al
000021EE  0000              add [eax],al
000021F0  0000              add [eax],al
000021F2  0000              add [eax],al
000021F4  0000              add [eax],al
000021F6  0000              add [eax],al
000021F8  0000              add [eax],al
000021FA  0000              add [eax],al
000021FC  0000              add [eax],al
000021FE  0000              add [eax],al
00002200  0000              add [eax],al
00002202  0000              add [eax],al
00002204  0000              add [eax],al
00002206  0000              add [eax],al
00002208  0000              add [eax],al
0000220A  0000              add [eax],al
0000220C  0000              add [eax],al
0000220E  0000              add [eax],al
00002210  0000              add [eax],al
00002212  0000              add [eax],al
00002214  0000              add [eax],al
00002216  0000              add [eax],al
00002218  0000              add [eax],al
0000221A  0000              add [eax],al
0000221C  0000              add [eax],al
0000221E  0000              add [eax],al
00002220  0000              add [eax],al
00002222  0000              add [eax],al
00002224  0000              add [eax],al
00002226  0000              add [eax],al
00002228  0000              add [eax],al
0000222A  0000              add [eax],al
0000222C  0000              add [eax],al
0000222E  0000              add [eax],al
00002230  0000              add [eax],al
00002232  0000              add [eax],al
00002234  0000              add [eax],al
00002236  0000              add [eax],al
00002238  0000              add [eax],al
0000223A  0000              add [eax],al
0000223C  0000              add [eax],al
0000223E  0000              add [eax],al
00002240  0000              add [eax],al
00002242  0000              add [eax],al
00002244  0000              add [eax],al
00002246  0000              add [eax],al
00002248  0000              add [eax],al
0000224A  0000              add [eax],al
0000224C  0000              add [eax],al
0000224E  0000              add [eax],al
00002250  0000              add [eax],al
00002252  0000              add [eax],al
00002254  0000              add [eax],al
00002256  0000              add [eax],al
00002258  0000              add [eax],al
0000225A  0000              add [eax],al
0000225C  0000              add [eax],al
0000225E  0000              add [eax],al
00002260  0000              add [eax],al
00002262  0000              add [eax],al
00002264  0000              add [eax],al
00002266  0000              add [eax],al
00002268  0000              add [eax],al
0000226A  0000              add [eax],al
0000226C  0000              add [eax],al
0000226E  0000              add [eax],al
00002270  0000              add [eax],al
00002272  0000              add [eax],al
00002274  0000              add [eax],al
00002276  0000              add [eax],al
00002278  0000              add [eax],al
0000227A  0000              add [eax],al
0000227C  0000              add [eax],al
0000227E  0000              add [eax],al
00002280  0000              add [eax],al
00002282  0000              add [eax],al
00002284  0000              add [eax],al
00002286  0000              add [eax],al
00002288  0000              add [eax],al
0000228A  0000              add [eax],al
0000228C  0000              add [eax],al
0000228E  0000              add [eax],al
00002290  0000              add [eax],al
00002292  0000              add [eax],al
00002294  0000              add [eax],al
00002296  0000              add [eax],al
00002298  0000              add [eax],al
0000229A  0000              add [eax],al
0000229C  0000              add [eax],al
0000229E  0000              add [eax],al
000022A0  0000              add [eax],al
000022A2  0000              add [eax],al
000022A4  0000              add [eax],al
000022A6  0000              add [eax],al
000022A8  0000              add [eax],al
000022AA  0000              add [eax],al
000022AC  0000              add [eax],al
000022AE  0000              add [eax],al
000022B0  0000              add [eax],al
000022B2  0000              add [eax],al
000022B4  0000              add [eax],al
000022B6  0000              add [eax],al
000022B8  0000              add [eax],al
000022BA  0000              add [eax],al
000022BC  0000              add [eax],al
000022BE  0000              add [eax],al
000022C0  0000              add [eax],al
000022C2  0000              add [eax],al
000022C4  0000              add [eax],al
000022C6  0000              add [eax],al
000022C8  0000              add [eax],al
000022CA  0000              add [eax],al
000022CC  0000              add [eax],al
000022CE  0000              add [eax],al
000022D0  0000              add [eax],al
000022D2  0000              add [eax],al
000022D4  0000              add [eax],al
000022D6  0000              add [eax],al
000022D8  0000              add [eax],al
000022DA  0000              add [eax],al
000022DC  0000              add [eax],al
000022DE  0000              add [eax],al
000022E0  0000              add [eax],al
000022E2  0000              add [eax],al
000022E4  0000              add [eax],al
000022E6  0000              add [eax],al
000022E8  0000              add [eax],al
000022EA  0000              add [eax],al
000022EC  0000              add [eax],al
000022EE  0000              add [eax],al
000022F0  0000              add [eax],al
000022F2  0000              add [eax],al
000022F4  0000              add [eax],al
000022F6  0000              add [eax],al
000022F8  0000              add [eax],al
000022FA  0000              add [eax],al
000022FC  0000              add [eax],al
000022FE  0000              add [eax],al
00002300  0000              add [eax],al
00002302  0000              add [eax],al
00002304  0000              add [eax],al
00002306  0000              add [eax],al
00002308  0000              add [eax],al
0000230A  0000              add [eax],al
0000230C  0000              add [eax],al
0000230E  0000              add [eax],al
00002310  0000              add [eax],al
00002312  0000              add [eax],al
00002314  0000              add [eax],al
00002316  0000              add [eax],al
00002318  0000              add [eax],al
0000231A  0000              add [eax],al
0000231C  0000              add [eax],al
0000231E  0000              add [eax],al
00002320  0000              add [eax],al
00002322  0000              add [eax],al
00002324  0000              add [eax],al
00002326  0000              add [eax],al
00002328  0000              add [eax],al
0000232A  0000              add [eax],al
0000232C  0000              add [eax],al
0000232E  0000              add [eax],al
00002330  0000              add [eax],al
00002332  0000              add [eax],al
00002334  0000              add [eax],al
00002336  0000              add [eax],al
00002338  0000              add [eax],al
0000233A  0000              add [eax],al
0000233C  0000              add [eax],al
0000233E  0000              add [eax],al
00002340  0000              add [eax],al
00002342  0000              add [eax],al
00002344  0000              add [eax],al
00002346  0000              add [eax],al
00002348  0000              add [eax],al
0000234A  0000              add [eax],al
0000234C  0000              add [eax],al
0000234E  0000              add [eax],al
00002350  0000              add [eax],al
00002352  0000              add [eax],al
00002354  0000              add [eax],al
00002356  0000              add [eax],al
00002358  0000              add [eax],al
0000235A  0000              add [eax],al
0000235C  0000              add [eax],al
0000235E  0000              add [eax],al
00002360  0000              add [eax],al
00002362  0000              add [eax],al
00002364  0000              add [eax],al
00002366  0000              add [eax],al
00002368  0000              add [eax],al
0000236A  0000              add [eax],al
0000236C  0000              add [eax],al
0000236E  0000              add [eax],al
00002370  0000              add [eax],al
00002372  0000              add [eax],al
00002374  0000              add [eax],al
00002376  0000              add [eax],al
00002378  0000              add [eax],al
0000237A  0000              add [eax],al
0000237C  0000              add [eax],al
0000237E  0000              add [eax],al
00002380  0000              add [eax],al
00002382  0000              add [eax],al
00002384  0000              add [eax],al
00002386  0000              add [eax],al
00002388  0000              add [eax],al
0000238A  0000              add [eax],al
0000238C  0000              add [eax],al
0000238E  0000              add [eax],al
00002390  0000              add [eax],al
00002392  0000              add [eax],al
00002394  0000              add [eax],al
00002396  0000              add [eax],al
00002398  0000              add [eax],al
0000239A  0000              add [eax],al
0000239C  0000              add [eax],al
0000239E  0000              add [eax],al
000023A0  0000              add [eax],al
000023A2  0000              add [eax],al
000023A4  0000              add [eax],al
000023A6  0000              add [eax],al
000023A8  0000              add [eax],al
000023AA  0000              add [eax],al
000023AC  0000              add [eax],al
000023AE  0000              add [eax],al
000023B0  0000              add [eax],al
000023B2  0000              add [eax],al
000023B4  0000              add [eax],al
000023B6  0000              add [eax],al
000023B8  0000              add [eax],al
000023BA  0000              add [eax],al
000023BC  0000              add [eax],al
000023BE  0000              add [eax],al
000023C0  0000              add [eax],al
000023C2  0000              add [eax],al
000023C4  0000              add [eax],al
000023C6  0000              add [eax],al
000023C8  0000              add [eax],al
000023CA  0000              add [eax],al
000023CC  0000              add [eax],al
000023CE  0000              add [eax],al
000023D0  0000              add [eax],al
000023D2  0000              add [eax],al
000023D4  0000              add [eax],al
000023D6  0000              add [eax],al
000023D8  0000              add [eax],al
000023DA  0000              add [eax],al
000023DC  0000              add [eax],al
000023DE  0000              add [eax],al
000023E0  0000              add [eax],al
000023E2  0000              add [eax],al
000023E4  0000              add [eax],al
000023E6  0000              add [eax],al
000023E8  0000              add [eax],al
000023EA  0000              add [eax],al
000023EC  0000              add [eax],al
000023EE  0000              add [eax],al
000023F0  0000              add [eax],al
000023F2  0000              add [eax],al
000023F4  0000              add [eax],al
000023F6  0000              add [eax],al
000023F8  0000              add [eax],al
000023FA  0000              add [eax],al
000023FC  0000              add [eax],al
000023FE  0000              add [eax],al
00002400  0000              add [eax],al
00002402  0000              add [eax],al
00002404  0000              add [eax],al
00002406  0000              add [eax],al
00002408  0000              add [eax],al
0000240A  0000              add [eax],al
0000240C  0000              add [eax],al
0000240E  0000              add [eax],al
00002410  0000              add [eax],al
00002412  0000              add [eax],al
00002414  0000              add [eax],al
00002416  0000              add [eax],al
00002418  0000              add [eax],al
0000241A  0000              add [eax],al
0000241C  0000              add [eax],al
0000241E  0000              add [eax],al
00002420  0000              add [eax],al
00002422  0000              add [eax],al
00002424  0000              add [eax],al
00002426  0000              add [eax],al
00002428  0000              add [eax],al
0000242A  0000              add [eax],al
0000242C  0000              add [eax],al
0000242E  0000              add [eax],al
00002430  0000              add [eax],al
00002432  0000              add [eax],al
00002434  0000              add [eax],al
00002436  0000              add [eax],al
00002438  0000              add [eax],al
0000243A  0000              add [eax],al
0000243C  0000              add [eax],al
0000243E  0000              add [eax],al
00002440  0000              add [eax],al
00002442  0000              add [eax],al
00002444  0000              add [eax],al
00002446  0000              add [eax],al
00002448  0000              add [eax],al
0000244A  0000              add [eax],al
0000244C  0000              add [eax],al
0000244E  0000              add [eax],al
00002450  0000              add [eax],al
00002452  0000              add [eax],al
00002454  0000              add [eax],al
00002456  0000              add [eax],al
00002458  0000              add [eax],al
0000245A  0000              add [eax],al
0000245C  0000              add [eax],al
0000245E  0000              add [eax],al
00002460  0000              add [eax],al
00002462  0000              add [eax],al
00002464  0000              add [eax],al
00002466  0000              add [eax],al
00002468  0000              add [eax],al
0000246A  0000              add [eax],al
0000246C  0000              add [eax],al
0000246E  0000              add [eax],al
00002470  0000              add [eax],al
00002472  0000              add [eax],al
00002474  0000              add [eax],al
00002476  0000              add [eax],al
00002478  0000              add [eax],al
0000247A  0000              add [eax],al
0000247C  0000              add [eax],al
0000247E  0000              add [eax],al
00002480  0000              add [eax],al
00002482  0000              add [eax],al
00002484  0000              add [eax],al
00002486  0000              add [eax],al
00002488  0000              add [eax],al
0000248A  0000              add [eax],al
0000248C  0000              add [eax],al
0000248E  0000              add [eax],al
00002490  0000              add [eax],al
00002492  0000              add [eax],al
00002494  0000              add [eax],al
00002496  0000              add [eax],al
00002498  0000              add [eax],al
0000249A  0000              add [eax],al
0000249C  0000              add [eax],al
0000249E  0000              add [eax],al
000024A0  0000              add [eax],al
000024A2  0000              add [eax],al
000024A4  0000              add [eax],al
000024A6  0000              add [eax],al
000024A8  0000              add [eax],al
000024AA  0000              add [eax],al
000024AC  0000              add [eax],al
000024AE  0000              add [eax],al
000024B0  0000              add [eax],al
000024B2  0000              add [eax],al
000024B4  0000              add [eax],al
000024B6  0000              add [eax],al
000024B8  0000              add [eax],al
000024BA  0000              add [eax],al
000024BC  0000              add [eax],al
000024BE  0000              add [eax],al
000024C0  0000              add [eax],al
000024C2  0000              add [eax],al
000024C4  0000              add [eax],al
000024C6  0000              add [eax],al
000024C8  0000              add [eax],al
000024CA  0000              add [eax],al
000024CC  0000              add [eax],al
000024CE  0000              add [eax],al
000024D0  0000              add [eax],al
000024D2  0000              add [eax],al
000024D4  0000              add [eax],al
000024D6  0000              add [eax],al
000024D8  0000              add [eax],al
000024DA  0000              add [eax],al
000024DC  0000              add [eax],al
000024DE  0000              add [eax],al
000024E0  0000              add [eax],al
000024E2  0000              add [eax],al
000024E4  0000              add [eax],al
000024E6  0000              add [eax],al
000024E8  0000              add [eax],al
000024EA  0000              add [eax],al
000024EC  0000              add [eax],al
000024EE  0000              add [eax],al
000024F0  0000              add [eax],al
000024F2  0000              add [eax],al
000024F4  0000              add [eax],al
000024F6  0000              add [eax],al
000024F8  0000              add [eax],al
000024FA  0000              add [eax],al
000024FC  0000              add [eax],al
000024FE  0000              add [eax],al
00002500  0000              add [eax],al
00002502  0000              add [eax],al
00002504  0000              add [eax],al
00002506  0000              add [eax],al
00002508  0000              add [eax],al
0000250A  0000              add [eax],al
0000250C  0000              add [eax],al
0000250E  0000              add [eax],al
00002510  0000              add [eax],al
00002512  0000              add [eax],al
00002514  0000              add [eax],al
00002516  0000              add [eax],al
00002518  0000              add [eax],al
0000251A  0000              add [eax],al
0000251C  0000              add [eax],al
0000251E  0000              add [eax],al
00002520  0000              add [eax],al
00002522  0000              add [eax],al
00002524  0000              add [eax],al
00002526  0000              add [eax],al
00002528  0000              add [eax],al
0000252A  0000              add [eax],al
0000252C  0000              add [eax],al
0000252E  0000              add [eax],al
00002530  0000              add [eax],al
00002532  0000              add [eax],al
00002534  0000              add [eax],al
00002536  0000              add [eax],al
00002538  0000              add [eax],al
0000253A  0000              add [eax],al
0000253C  0000              add [eax],al
0000253E  0000              add [eax],al
00002540  0000              add [eax],al
00002542  0000              add [eax],al
00002544  0000              add [eax],al
00002546  0000              add [eax],al
00002548  0000              add [eax],al
0000254A  0000              add [eax],al
0000254C  0000              add [eax],al
0000254E  0000              add [eax],al
00002550  0000              add [eax],al
00002552  0000              add [eax],al
00002554  0000              add [eax],al
00002556  0000              add [eax],al
00002558  0000              add [eax],al
0000255A  0000              add [eax],al
0000255C  0000              add [eax],al
0000255E  0000              add [eax],al
00002560  0000              add [eax],al
00002562  0000              add [eax],al
00002564  0000              add [eax],al
00002566  0000              add [eax],al
00002568  0000              add [eax],al
0000256A  0000              add [eax],al
0000256C  0000              add [eax],al
0000256E  0000              add [eax],al
00002570  0000              add [eax],al
00002572  0000              add [eax],al
00002574  0000              add [eax],al
00002576  0000              add [eax],al
00002578  0000              add [eax],al
0000257A  0000              add [eax],al
0000257C  0000              add [eax],al
0000257E  0000              add [eax],al
00002580  0000              add [eax],al
00002582  0000              add [eax],al
00002584  0000              add [eax],al
00002586  0000              add [eax],al
00002588  0000              add [eax],al
0000258A  0000              add [eax],al
0000258C  0000              add [eax],al
0000258E  0000              add [eax],al
00002590  0000              add [eax],al
00002592  0000              add [eax],al
00002594  0000              add [eax],al
00002596  0000              add [eax],al
00002598  0000              add [eax],al
0000259A  0000              add [eax],al
0000259C  0000              add [eax],al
0000259E  0000              add [eax],al
000025A0  0000              add [eax],al
000025A2  0000              add [eax],al
000025A4  0000              add [eax],al
000025A6  0000              add [eax],al
000025A8  0000              add [eax],al
000025AA  0000              add [eax],al
000025AC  0000              add [eax],al
000025AE  0000              add [eax],al
000025B0  0000              add [eax],al
000025B2  0000              add [eax],al
000025B4  0000              add [eax],al
000025B6  0000              add [eax],al
000025B8  0000              add [eax],al
000025BA  0000              add [eax],al
000025BC  0000              add [eax],al
000025BE  0000              add [eax],al
000025C0  0000              add [eax],al
000025C2  0000              add [eax],al
000025C4  0000              add [eax],al
000025C6  0000              add [eax],al
000025C8  0000              add [eax],al
000025CA  0000              add [eax],al
000025CC  0000              add [eax],al
000025CE  0000              add [eax],al
000025D0  0000              add [eax],al
000025D2  0000              add [eax],al
000025D4  0000              add [eax],al
000025D6  0000              add [eax],al
000025D8  0000              add [eax],al
000025DA  0000              add [eax],al
000025DC  0000              add [eax],al
000025DE  0000              add [eax],al
000025E0  0000              add [eax],al
000025E2  0000              add [eax],al
000025E4  0000              add [eax],al
000025E6  0000              add [eax],al
000025E8  0000              add [eax],al
000025EA  0000              add [eax],al
000025EC  0000              add [eax],al
000025EE  0000              add [eax],al
000025F0  0000              add [eax],al
000025F2  0000              add [eax],al
000025F4  0000              add [eax],al
000025F6  0000              add [eax],al
000025F8  0000              add [eax],al
000025FA  0000              add [eax],al
000025FC  0000              add [eax],al
000025FE  0000              add [eax],al
00002600  0000              add [eax],al
00002602  0000              add [eax],al
00002604  0000              add [eax],al
00002606  0000              add [eax],al
00002608  0000              add [eax],al
0000260A  0000              add [eax],al
0000260C  0000              add [eax],al
0000260E  0000              add [eax],al
00002610  0000              add [eax],al
00002612  0000              add [eax],al
00002614  0000              add [eax],al
00002616  0000              add [eax],al
00002618  0000              add [eax],al
0000261A  0000              add [eax],al
0000261C  0000              add [eax],al
0000261E  0000              add [eax],al
00002620  0000              add [eax],al
00002622  0000              add [eax],al
00002624  0000              add [eax],al
00002626  0000              add [eax],al
00002628  0000              add [eax],al
0000262A  0000              add [eax],al
0000262C  0000              add [eax],al
0000262E  0000              add [eax],al
00002630  0000              add [eax],al
00002632  0000              add [eax],al
00002634  0000              add [eax],al
00002636  0000              add [eax],al
00002638  0000              add [eax],al
0000263A  0000              add [eax],al
0000263C  0000              add [eax],al
0000263E  0000              add [eax],al
00002640  0000              add [eax],al
00002642  0000              add [eax],al
00002644  0000              add [eax],al
00002646  0000              add [eax],al
00002648  0000              add [eax],al
0000264A  0000              add [eax],al
0000264C  0000              add [eax],al
0000264E  0000              add [eax],al
00002650  0000              add [eax],al
00002652  0000              add [eax],al
00002654  0000              add [eax],al
00002656  0000              add [eax],al
00002658  0000              add [eax],al
0000265A  0000              add [eax],al
0000265C  0000              add [eax],al
0000265E  0000              add [eax],al
00002660  0000              add [eax],al
00002662  0000              add [eax],al
00002664  0000              add [eax],al
00002666  0000              add [eax],al
00002668  0000              add [eax],al
0000266A  0000              add [eax],al
0000266C  0000              add [eax],al
0000266E  0000              add [eax],al
00002670  0000              add [eax],al
00002672  0000              add [eax],al
00002674  0000              add [eax],al
00002676  0000              add [eax],al
00002678  0000              add [eax],al
0000267A  0000              add [eax],al
0000267C  0000              add [eax],al
0000267E  0000              add [eax],al
00002680  0000              add [eax],al
00002682  0000              add [eax],al
00002684  0000              add [eax],al
00002686  0000              add [eax],al
00002688  0000              add [eax],al
0000268A  0000              add [eax],al
0000268C  0000              add [eax],al
0000268E  0000              add [eax],al
00002690  0000              add [eax],al
00002692  0000              add [eax],al
00002694  0000              add [eax],al
00002696  0000              add [eax],al
00002698  0000              add [eax],al
0000269A  0000              add [eax],al
0000269C  0000              add [eax],al
0000269E  0000              add [eax],al
000026A0  0000              add [eax],al
000026A2  0000              add [eax],al
000026A4  0000              add [eax],al
000026A6  0000              add [eax],al
000026A8  0000              add [eax],al
000026AA  0000              add [eax],al
000026AC  0000              add [eax],al
000026AE  0000              add [eax],al
000026B0  0000              add [eax],al
000026B2  0000              add [eax],al
000026B4  0000              add [eax],al
000026B6  0000              add [eax],al
000026B8  0000              add [eax],al
000026BA  0000              add [eax],al
000026BC  0000              add [eax],al
000026BE  0000              add [eax],al
000026C0  0000              add [eax],al
000026C2  0000              add [eax],al
000026C4  0000              add [eax],al
000026C6  0000              add [eax],al
000026C8  0000              add [eax],al
000026CA  0000              add [eax],al
000026CC  0000              add [eax],al
000026CE  0000              add [eax],al
000026D0  0000              add [eax],al
000026D2  0000              add [eax],al
000026D4  0000              add [eax],al
000026D6  0000              add [eax],al
000026D8  0000              add [eax],al
000026DA  0000              add [eax],al
000026DC  0000              add [eax],al
000026DE  0000              add [eax],al
000026E0  0000              add [eax],al
000026E2  0000              add [eax],al
000026E4  0000              add [eax],al
000026E6  0000              add [eax],al
000026E8  0000              add [eax],al
000026EA  0000              add [eax],al
000026EC  0000              add [eax],al
000026EE  0000              add [eax],al
000026F0  0000              add [eax],al
000026F2  0000              add [eax],al
000026F4  0000              add [eax],al
000026F6  0000              add [eax],al
000026F8  0000              add [eax],al
000026FA  0000              add [eax],al
000026FC  0000              add [eax],al
000026FE  0000              add [eax],al
00002700  0000              add [eax],al
00002702  0000              add [eax],al
00002704  0000              add [eax],al
00002706  0000              add [eax],al
00002708  0000              add [eax],al
0000270A  0000              add [eax],al
0000270C  0000              add [eax],al
0000270E  0000              add [eax],al
00002710  0000              add [eax],al
00002712  0000              add [eax],al
00002714  0000              add [eax],al
00002716  0000              add [eax],al
00002718  0000              add [eax],al
0000271A  0000              add [eax],al
0000271C  0000              add [eax],al
0000271E  0000              add [eax],al
00002720  0000              add [eax],al
00002722  0000              add [eax],al
00002724  0000              add [eax],al
00002726  0000              add [eax],al
00002728  0000              add [eax],al
0000272A  0000              add [eax],al
0000272C  0000              add [eax],al
0000272E  0000              add [eax],al
00002730  0000              add [eax],al
00002732  0000              add [eax],al
00002734  0000              add [eax],al
00002736  0000              add [eax],al
00002738  0000              add [eax],al
0000273A  0000              add [eax],al
0000273C  0000              add [eax],al
0000273E  0000              add [eax],al
00002740  0000              add [eax],al
00002742  0000              add [eax],al
00002744  0000              add [eax],al
00002746  0000              add [eax],al
00002748  0000              add [eax],al
0000274A  0000              add [eax],al
0000274C  0000              add [eax],al
0000274E  0000              add [eax],al
00002750  0000              add [eax],al
00002752  0000              add [eax],al
00002754  0000              add [eax],al
00002756  0000              add [eax],al
00002758  0000              add [eax],al
0000275A  0000              add [eax],al
0000275C  0000              add [eax],al
0000275E  0000              add [eax],al
00002760  0000              add [eax],al
00002762  0000              add [eax],al
00002764  0000              add [eax],al
00002766  0000              add [eax],al
00002768  0000              add [eax],al
0000276A  0000              add [eax],al
0000276C  0000              add [eax],al
0000276E  0000              add [eax],al
00002770  0000              add [eax],al
00002772  0000              add [eax],al
00002774  0000              add [eax],al
00002776  0000              add [eax],al
00002778  0000              add [eax],al
0000277A  0000              add [eax],al
0000277C  0000              add [eax],al
0000277E  0000              add [eax],al
00002780  0000              add [eax],al
00002782  0000              add [eax],al
00002784  0000              add [eax],al
00002786  0000              add [eax],al
00002788  0000              add [eax],al
0000278A  0000              add [eax],al
0000278C  0000              add [eax],al
0000278E  0000              add [eax],al
00002790  0000              add [eax],al
00002792  0000              add [eax],al
00002794  0000              add [eax],al
00002796  0000              add [eax],al
00002798  0000              add [eax],al
0000279A  0000              add [eax],al
0000279C  0000              add [eax],al
0000279E  0000              add [eax],al
000027A0  0000              add [eax],al
000027A2  0000              add [eax],al
000027A4  0000              add [eax],al
000027A6  0000              add [eax],al
000027A8  0000              add [eax],al
000027AA  0000              add [eax],al
000027AC  0000              add [eax],al
000027AE  0000              add [eax],al
000027B0  0000              add [eax],al
000027B2  0000              add [eax],al
000027B4  0000              add [eax],al
000027B6  0000              add [eax],al
000027B8  0000              add [eax],al
000027BA  0000              add [eax],al
000027BC  0000              add [eax],al
000027BE  0000              add [eax],al
000027C0  0000              add [eax],al
000027C2  0000              add [eax],al
000027C4  0000              add [eax],al
000027C6  0000              add [eax],al
000027C8  0000              add [eax],al
000027CA  0000              add [eax],al
000027CC  0000              add [eax],al
000027CE  0000              add [eax],al
000027D0  0000              add [eax],al
000027D2  0000              add [eax],al
000027D4  0000              add [eax],al
000027D6  0000              add [eax],al
000027D8  0000              add [eax],al
000027DA  0000              add [eax],al
000027DC  0000              add [eax],al
000027DE  0000              add [eax],al
000027E0  0000              add [eax],al
000027E2  0000              add [eax],al
000027E4  0000              add [eax],al
000027E6  0000              add [eax],al
000027E8  0000              add [eax],al
000027EA  0000              add [eax],al
000027EC  0000              add [eax],al
000027EE  0000              add [eax],al
000027F0  0000              add [eax],al
000027F2  0000              add [eax],al
000027F4  0000              add [eax],al
000027F6  0000              add [eax],al
000027F8  0000              add [eax],al
000027FA  0000              add [eax],al
000027FC  0000              add [eax],al
000027FE  0000              add [eax],al
00002800  0000              add [eax],al
00002802  0000              add [eax],al
00002804  0000              add [eax],al
00002806  0000              add [eax],al
00002808  0000              add [eax],al
0000280A  0000              add [eax],al
0000280C  0000              add [eax],al
0000280E  0000              add [eax],al
00002810  0000              add [eax],al
00002812  0000              add [eax],al
00002814  0000              add [eax],al
00002816  0000              add [eax],al
00002818  0000              add [eax],al
0000281A  0000              add [eax],al
0000281C  0000              add [eax],al
0000281E  0000              add [eax],al
00002820  0000              add [eax],al
00002822  0000              add [eax],al
00002824  0000              add [eax],al
00002826  0000              add [eax],al
00002828  0000              add [eax],al
0000282A  0000              add [eax],al
0000282C  0000              add [eax],al
0000282E  0000              add [eax],al
00002830  0000              add [eax],al
00002832  0000              add [eax],al
00002834  0000              add [eax],al
00002836  0000              add [eax],al
00002838  0000              add [eax],al
0000283A  0000              add [eax],al
0000283C  0000              add [eax],al
0000283E  0000              add [eax],al
00002840  0000              add [eax],al
00002842  0000              add [eax],al
00002844  0000              add [eax],al
00002846  0000              add [eax],al
00002848  0000              add [eax],al
0000284A  0000              add [eax],al
0000284C  0000              add [eax],al
0000284E  0000              add [eax],al
00002850  0000              add [eax],al
00002852  0000              add [eax],al
00002854  0000              add [eax],al
00002856  0000              add [eax],al
00002858  0000              add [eax],al
0000285A  0000              add [eax],al
0000285C  0000              add [eax],al
0000285E  0000              add [eax],al
00002860  0000              add [eax],al
00002862  0000              add [eax],al
00002864  0000              add [eax],al
00002866  0000              add [eax],al
00002868  0000              add [eax],al
0000286A  0000              add [eax],al
0000286C  0000              add [eax],al
0000286E  0000              add [eax],al
00002870  0000              add [eax],al
00002872  0000              add [eax],al
00002874  0000              add [eax],al
00002876  0000              add [eax],al
00002878  0000              add [eax],al
0000287A  0000              add [eax],al
0000287C  0000              add [eax],al
0000287E  0000              add [eax],al
00002880  0000              add [eax],al
00002882  0000              add [eax],al
00002884  0000              add [eax],al
00002886  0000              add [eax],al
00002888  0000              add [eax],al
0000288A  0000              add [eax],al
0000288C  0000              add [eax],al
0000288E  0000              add [eax],al
00002890  0000              add [eax],al
00002892  0000              add [eax],al
00002894  0000              add [eax],al
00002896  0000              add [eax],al
00002898  0000              add [eax],al
0000289A  0000              add [eax],al
0000289C  0000              add [eax],al
0000289E  0000              add [eax],al
000028A0  0000              add [eax],al
000028A2  0000              add [eax],al
000028A4  0000              add [eax],al
000028A6  0000              add [eax],al
000028A8  0000              add [eax],al
000028AA  0000              add [eax],al
000028AC  0000              add [eax],al
000028AE  0000              add [eax],al
000028B0  0000              add [eax],al
000028B2  0000              add [eax],al
000028B4  0000              add [eax],al
000028B6  0000              add [eax],al
000028B8  0000              add [eax],al
000028BA  0000              add [eax],al
000028BC  0000              add [eax],al
000028BE  0000              add [eax],al
000028C0  0000              add [eax],al
000028C2  0000              add [eax],al
000028C4  0000              add [eax],al
000028C6  0000              add [eax],al
000028C8  0000              add [eax],al
000028CA  0000              add [eax],al
000028CC  0000              add [eax],al
000028CE  0000              add [eax],al
000028D0  0000              add [eax],al
000028D2  0000              add [eax],al
000028D4  0000              add [eax],al
000028D6  0000              add [eax],al
000028D8  0000              add [eax],al
000028DA  0000              add [eax],al
000028DC  0000              add [eax],al
000028DE  0000              add [eax],al
000028E0  0000              add [eax],al
000028E2  0000              add [eax],al
000028E4  0000              add [eax],al
000028E6  0000              add [eax],al
000028E8  0000              add [eax],al
000028EA  0000              add [eax],al
000028EC  0000              add [eax],al
000028EE  0000              add [eax],al
000028F0  0000              add [eax],al
000028F2  0000              add [eax],al
000028F4  0000              add [eax],al
000028F6  0000              add [eax],al
000028F8  0000              add [eax],al
000028FA  0000              add [eax],al
000028FC  0000              add [eax],al
000028FE  0000              add [eax],al
00002900  0000              add [eax],al
00002902  0000              add [eax],al
00002904  0000              add [eax],al
00002906  0000              add [eax],al
00002908  0000              add [eax],al
0000290A  0000              add [eax],al
0000290C  0000              add [eax],al
0000290E  0000              add [eax],al
00002910  0000              add [eax],al
00002912  0000              add [eax],al
00002914  0000              add [eax],al
00002916  0000              add [eax],al
00002918  0000              add [eax],al
0000291A  0000              add [eax],al
0000291C  0000              add [eax],al
0000291E  0000              add [eax],al
00002920  0000              add [eax],al
00002922  0000              add [eax],al
00002924  0000              add [eax],al
00002926  0000              add [eax],al
00002928  0000              add [eax],al
0000292A  0000              add [eax],al
0000292C  0000              add [eax],al
0000292E  0000              add [eax],al
00002930  0000              add [eax],al
00002932  0000              add [eax],al
00002934  0000              add [eax],al
00002936  0000              add [eax],al
00002938  0000              add [eax],al
0000293A  0000              add [eax],al
0000293C  0000              add [eax],al
0000293E  0000              add [eax],al
00002940  0000              add [eax],al
00002942  0000              add [eax],al
00002944  0000              add [eax],al
00002946  0000              add [eax],al
00002948  0000              add [eax],al
0000294A  0000              add [eax],al
0000294C  0000              add [eax],al
0000294E  0000              add [eax],al
00002950  0000              add [eax],al
00002952  0000              add [eax],al
00002954  0000              add [eax],al
00002956  0000              add [eax],al
00002958  0000              add [eax],al
0000295A  0000              add [eax],al
0000295C  0000              add [eax],al
0000295E  0000              add [eax],al
00002960  0000              add [eax],al
00002962  0000              add [eax],al
00002964  0000              add [eax],al
00002966  0000              add [eax],al
00002968  0000              add [eax],al
0000296A  0000              add [eax],al
0000296C  0000              add [eax],al
0000296E  0000              add [eax],al
00002970  0000              add [eax],al
00002972  0000              add [eax],al
00002974  0000              add [eax],al
00002976  0000              add [eax],al
00002978  0000              add [eax],al
0000297A  0000              add [eax],al
0000297C  0000              add [eax],al
0000297E  0000              add [eax],al
00002980  0000              add [eax],al
00002982  0000              add [eax],al
00002984  0000              add [eax],al
00002986  0000              add [eax],al
00002988  0000              add [eax],al
0000298A  0000              add [eax],al
0000298C  0000              add [eax],al
0000298E  0000              add [eax],al
00002990  0000              add [eax],al
00002992  0000              add [eax],al
00002994  0000              add [eax],al
00002996  0000              add [eax],al
00002998  0000              add [eax],al
0000299A  0000              add [eax],al
0000299C  0000              add [eax],al
0000299E  0000              add [eax],al
000029A0  0000              add [eax],al
000029A2  0000              add [eax],al
000029A4  0000              add [eax],al
000029A6  0000              add [eax],al
000029A8  0000              add [eax],al
000029AA  0000              add [eax],al
000029AC  0000              add [eax],al
000029AE  0000              add [eax],al
000029B0  0000              add [eax],al
000029B2  0000              add [eax],al
000029B4  0000              add [eax],al
000029B6  0000              add [eax],al
000029B8  0000              add [eax],al
000029BA  0000              add [eax],al
000029BC  0000              add [eax],al
000029BE  0000              add [eax],al
000029C0  0000              add [eax],al
000029C2  0000              add [eax],al
000029C4  0000              add [eax],al
000029C6  0000              add [eax],al
000029C8  0000              add [eax],al
000029CA  0000              add [eax],al
000029CC  0000              add [eax],al
000029CE  0000              add [eax],al
000029D0  0000              add [eax],al
000029D2  0000              add [eax],al
000029D4  0000              add [eax],al
000029D6  0000              add [eax],al
000029D8  0000              add [eax],al
000029DA  0000              add [eax],al
000029DC  0000              add [eax],al
000029DE  0000              add [eax],al
000029E0  0000              add [eax],al
000029E2  0000              add [eax],al
000029E4  0000              add [eax],al
000029E6  0000              add [eax],al
000029E8  0000              add [eax],al
000029EA  0000              add [eax],al
000029EC  0000              add [eax],al
000029EE  0000              add [eax],al
000029F0  0000              add [eax],al
000029F2  0000              add [eax],al
000029F4  0000              add [eax],al
000029F6  0000              add [eax],al
000029F8  0000              add [eax],al
000029FA  0000              add [eax],al
000029FC  0000              add [eax],al
000029FE  0000              add [eax],al
00002A00  0000              add [eax],al
00002A02  0000              add [eax],al
00002A04  0000              add [eax],al
00002A06  0000              add [eax],al
00002A08  0000              add [eax],al
00002A0A  0000              add [eax],al
00002A0C  0000              add [eax],al
00002A0E  0000              add [eax],al
00002A10  0000              add [eax],al
00002A12  0000              add [eax],al
00002A14  0000              add [eax],al
00002A16  0000              add [eax],al
00002A18  0000              add [eax],al
00002A1A  0000              add [eax],al
00002A1C  0000              add [eax],al
00002A1E  0000              add [eax],al
00002A20  0000              add [eax],al
00002A22  0000              add [eax],al
00002A24  0000              add [eax],al
00002A26  0000              add [eax],al
00002A28  0000              add [eax],al
00002A2A  0000              add [eax],al
00002A2C  0000              add [eax],al
00002A2E  0000              add [eax],al
00002A30  0000              add [eax],al
00002A32  0000              add [eax],al
00002A34  0000              add [eax],al
00002A36  0000              add [eax],al
00002A38  0000              add [eax],al
00002A3A  0000              add [eax],al
00002A3C  0000              add [eax],al
00002A3E  0000              add [eax],al
00002A40  0000              add [eax],al
00002A42  0000              add [eax],al
00002A44  0000              add [eax],al
00002A46  0000              add [eax],al
00002A48  0000              add [eax],al
00002A4A  0000              add [eax],al
00002A4C  0000              add [eax],al
00002A4E  0000              add [eax],al
00002A50  0000              add [eax],al
00002A52  0000              add [eax],al
00002A54  0000              add [eax],al
00002A56  0000              add [eax],al
00002A58  0000              add [eax],al
00002A5A  0000              add [eax],al
00002A5C  0000              add [eax],al
00002A5E  0000              add [eax],al
00002A60  0000              add [eax],al
00002A62  0000              add [eax],al
00002A64  0000              add [eax],al
00002A66  0000              add [eax],al
00002A68  0000              add [eax],al
00002A6A  0000              add [eax],al
00002A6C  0000              add [eax],al
00002A6E  0000              add [eax],al
00002A70  0000              add [eax],al
00002A72  0000              add [eax],al
00002A74  0000              add [eax],al
00002A76  0000              add [eax],al
00002A78  0000              add [eax],al
00002A7A  0000              add [eax],al
00002A7C  0000              add [eax],al
00002A7E  0000              add [eax],al
00002A80  0000              add [eax],al
00002A82  0000              add [eax],al
00002A84  0000              add [eax],al
00002A86  0000              add [eax],al
00002A88  0000              add [eax],al
00002A8A  0000              add [eax],al
00002A8C  0000              add [eax],al
00002A8E  0000              add [eax],al
00002A90  0000              add [eax],al
00002A92  0000              add [eax],al
00002A94  0000              add [eax],al
00002A96  0000              add [eax],al
00002A98  0000              add [eax],al
00002A9A  0000              add [eax],al
00002A9C  0000              add [eax],al
00002A9E  0000              add [eax],al
00002AA0  0000              add [eax],al
00002AA2  0000              add [eax],al
00002AA4  0000              add [eax],al
00002AA6  0000              add [eax],al
00002AA8  0000              add [eax],al
00002AAA  0000              add [eax],al
00002AAC  0000              add [eax],al
00002AAE  0000              add [eax],al
00002AB0  0000              add [eax],al
00002AB2  0000              add [eax],al
00002AB4  0000              add [eax],al
00002AB6  0000              add [eax],al
00002AB8  0000              add [eax],al
00002ABA  0000              add [eax],al
00002ABC  0000              add [eax],al
00002ABE  0000              add [eax],al
00002AC0  0000              add [eax],al
00002AC2  0000              add [eax],al
00002AC4  0000              add [eax],al
00002AC6  0000              add [eax],al
00002AC8  0000              add [eax],al
00002ACA  0000              add [eax],al
00002ACC  0000              add [eax],al
00002ACE  0000              add [eax],al
00002AD0  0000              add [eax],al
00002AD2  0000              add [eax],al
00002AD4  0000              add [eax],al
00002AD6  0000              add [eax],al
00002AD8  0000              add [eax],al
00002ADA  0000              add [eax],al
00002ADC  0000              add [eax],al
00002ADE  0000              add [eax],al
00002AE0  0000              add [eax],al
00002AE2  0000              add [eax],al
00002AE4  0000              add [eax],al
00002AE6  0000              add [eax],al
00002AE8  0000              add [eax],al
00002AEA  0000              add [eax],al
00002AEC  0000              add [eax],al
00002AEE  0000              add [eax],al
00002AF0  0000              add [eax],al
00002AF2  0000              add [eax],al
00002AF4  0000              add [eax],al
00002AF6  0000              add [eax],al
00002AF8  0000              add [eax],al
00002AFA  0000              add [eax],al
00002AFC  0000              add [eax],al
00002AFE  0000              add [eax],al
00002B00  0000              add [eax],al
00002B02  0000              add [eax],al
00002B04  0000              add [eax],al
00002B06  0000              add [eax],al
00002B08  0000              add [eax],al
00002B0A  0000              add [eax],al
00002B0C  0000              add [eax],al
00002B0E  0000              add [eax],al
00002B10  0000              add [eax],al
00002B12  0000              add [eax],al
00002B14  0000              add [eax],al
00002B16  0000              add [eax],al
00002B18  0000              add [eax],al
00002B1A  0000              add [eax],al
00002B1C  0000              add [eax],al
00002B1E  0000              add [eax],al
00002B20  0000              add [eax],al
00002B22  0000              add [eax],al
00002B24  0000              add [eax],al
00002B26  0000              add [eax],al
00002B28  0000              add [eax],al
00002B2A  0000              add [eax],al
00002B2C  0000              add [eax],al
00002B2E  0000              add [eax],al
00002B30  0000              add [eax],al
00002B32  0000              add [eax],al
00002B34  0000              add [eax],al
00002B36  0000              add [eax],al
00002B38  0000              add [eax],al
00002B3A  0000              add [eax],al
00002B3C  0000              add [eax],al
00002B3E  0000              add [eax],al
00002B40  0000              add [eax],al
00002B42  0000              add [eax],al
00002B44  0000              add [eax],al
00002B46  0000              add [eax],al
00002B48  0000              add [eax],al
00002B4A  0000              add [eax],al
00002B4C  0000              add [eax],al
00002B4E  0000              add [eax],al
00002B50  0000              add [eax],al
00002B52  0000              add [eax],al
00002B54  0000              add [eax],al
00002B56  0000              add [eax],al
00002B58  0000              add [eax],al
00002B5A  0000              add [eax],al
00002B5C  0000              add [eax],al
00002B5E  0000              add [eax],al
00002B60  0000              add [eax],al
00002B62  0000              add [eax],al
00002B64  0000              add [eax],al
00002B66  0000              add [eax],al
00002B68  0000              add [eax],al
00002B6A  0000              add [eax],al
00002B6C  0000              add [eax],al
00002B6E  0000              add [eax],al
00002B70  0000              add [eax],al
00002B72  0000              add [eax],al
00002B74  0000              add [eax],al
00002B76  0000              add [eax],al
00002B78  0000              add [eax],al
00002B7A  0000              add [eax],al
00002B7C  0000              add [eax],al
00002B7E  0000              add [eax],al
00002B80  0000              add [eax],al
00002B82  0000              add [eax],al
00002B84  0000              add [eax],al
00002B86  0000              add [eax],al
00002B88  0000              add [eax],al
00002B8A  0000              add [eax],al
00002B8C  0000              add [eax],al
00002B8E  0000              add [eax],al
00002B90  0000              add [eax],al
00002B92  0000              add [eax],al
00002B94  0000              add [eax],al
00002B96  0000              add [eax],al
00002B98  0000              add [eax],al
00002B9A  0000              add [eax],al
00002B9C  0000              add [eax],al
00002B9E  0000              add [eax],al
00002BA0  0000              add [eax],al
00002BA2  0000              add [eax],al
00002BA4  0000              add [eax],al
00002BA6  0000              add [eax],al
00002BA8  0000              add [eax],al
00002BAA  0000              add [eax],al
00002BAC  0000              add [eax],al
00002BAE  0000              add [eax],al
00002BB0  0000              add [eax],al
00002BB2  0000              add [eax],al
00002BB4  0000              add [eax],al
00002BB6  0000              add [eax],al
00002BB8  0000              add [eax],al
00002BBA  0000              add [eax],al
00002BBC  0000              add [eax],al
00002BBE  0000              add [eax],al
00002BC0  0000              add [eax],al
00002BC2  0000              add [eax],al
00002BC4  0000              add [eax],al
00002BC6  0000              add [eax],al
00002BC8  0000              add [eax],al
00002BCA  0000              add [eax],al
00002BCC  0000              add [eax],al
00002BCE  0000              add [eax],al
00002BD0  0000              add [eax],al
00002BD2  0000              add [eax],al
00002BD4  0000              add [eax],al
00002BD6  0000              add [eax],al
00002BD8  0000              add [eax],al
00002BDA  0000              add [eax],al
00002BDC  0000              add [eax],al
00002BDE  0000              add [eax],al
00002BE0  0000              add [eax],al
00002BE2  0000              add [eax],al
00002BE4  0000              add [eax],al
00002BE6  0000              add [eax],al
00002BE8  0000              add [eax],al
00002BEA  0000              add [eax],al
00002BEC  0000              add [eax],al
00002BEE  0000              add [eax],al
00002BF0  0000              add [eax],al
00002BF2  0000              add [eax],al
00002BF4  0000              add [eax],al
00002BF6  0000              add [eax],al
00002BF8  0000              add [eax],al
00002BFA  0000              add [eax],al
00002BFC  0000              add [eax],al
00002BFE  0000              add [eax],al
00002C00  0000              add [eax],al
00002C02  0000              add [eax],al
00002C04  0000              add [eax],al
00002C06  0000              add [eax],al
00002C08  0000              add [eax],al
00002C0A  0000              add [eax],al
00002C0C  0000              add [eax],al
00002C0E  0000              add [eax],al
00002C10  0000              add [eax],al
00002C12  0000              add [eax],al
00002C14  0000              add [eax],al
00002C16  0000              add [eax],al
00002C18  0000              add [eax],al
00002C1A  0000              add [eax],al
00002C1C  0000              add [eax],al
00002C1E  0000              add [eax],al
00002C20  0000              add [eax],al
00002C22  0000              add [eax],al
00002C24  0000              add [eax],al
00002C26  0000              add [eax],al
00002C28  0000              add [eax],al
00002C2A  0000              add [eax],al
00002C2C  0000              add [eax],al
00002C2E  0000              add [eax],al
00002C30  0000              add [eax],al
00002C32  0000              add [eax],al
00002C34  0000              add [eax],al
00002C36  0000              add [eax],al
00002C38  0000              add [eax],al
00002C3A  0000              add [eax],al
00002C3C  0000              add [eax],al
00002C3E  0000              add [eax],al
00002C40  0000              add [eax],al
00002C42  0000              add [eax],al
00002C44  0000              add [eax],al
00002C46  0000              add [eax],al
00002C48  0000              add [eax],al
00002C4A  0000              add [eax],al
00002C4C  0000              add [eax],al
00002C4E  0000              add [eax],al
00002C50  0000              add [eax],al
00002C52  0000              add [eax],al
00002C54  0000              add [eax],al
00002C56  0000              add [eax],al
00002C58  0000              add [eax],al
00002C5A  0000              add [eax],al
00002C5C  0000              add [eax],al
00002C5E  0000              add [eax],al
00002C60  0000              add [eax],al
00002C62  0000              add [eax],al
00002C64  0000              add [eax],al
00002C66  0000              add [eax],al
00002C68  0000              add [eax],al
00002C6A  0000              add [eax],al
00002C6C  0000              add [eax],al
00002C6E  0000              add [eax],al
00002C70  0000              add [eax],al
00002C72  0000              add [eax],al
00002C74  0000              add [eax],al
00002C76  0000              add [eax],al
00002C78  0000              add [eax],al
00002C7A  0000              add [eax],al
00002C7C  0000              add [eax],al
00002C7E  0000              add [eax],al
00002C80  0000              add [eax],al
00002C82  0000              add [eax],al
00002C84  0000              add [eax],al
00002C86  0000              add [eax],al
00002C88  0000              add [eax],al
00002C8A  0000              add [eax],al
00002C8C  0000              add [eax],al
00002C8E  0000              add [eax],al
00002C90  0000              add [eax],al
00002C92  0000              add [eax],al
00002C94  0000              add [eax],al
00002C96  0000              add [eax],al
00002C98  0000              add [eax],al
00002C9A  0000              add [eax],al
00002C9C  0000              add [eax],al
00002C9E  0000              add [eax],al
00002CA0  0000              add [eax],al
00002CA2  0000              add [eax],al
00002CA4  0000              add [eax],al
00002CA6  0000              add [eax],al
00002CA8  0000              add [eax],al
00002CAA  0000              add [eax],al
00002CAC  0000              add [eax],al
00002CAE  0000              add [eax],al
00002CB0  0000              add [eax],al
00002CB2  0000              add [eax],al
00002CB4  0000              add [eax],al
00002CB6  0000              add [eax],al
00002CB8  0000              add [eax],al
00002CBA  0000              add [eax],al
00002CBC  0000              add [eax],al
00002CBE  0000              add [eax],al
00002CC0  0000              add [eax],al
00002CC2  0000              add [eax],al
00002CC4  0000              add [eax],al
00002CC6  0000              add [eax],al
00002CC8  0000              add [eax],al
00002CCA  0000              add [eax],al
00002CCC  0000              add [eax],al
00002CCE  0000              add [eax],al
00002CD0  0000              add [eax],al
00002CD2  0000              add [eax],al
00002CD4  0000              add [eax],al
00002CD6  0000              add [eax],al
00002CD8  0000              add [eax],al
00002CDA  0000              add [eax],al
00002CDC  0000              add [eax],al
00002CDE  0000              add [eax],al
00002CE0  0000              add [eax],al
00002CE2  0000              add [eax],al
00002CE4  0000              add [eax],al
00002CE6  0000              add [eax],al
00002CE8  0000              add [eax],al
00002CEA  0000              add [eax],al
00002CEC  0000              add [eax],al
00002CEE  0000              add [eax],al
00002CF0  0000              add [eax],al
00002CF2  0000              add [eax],al
00002CF4  0000              add [eax],al
00002CF6  0000              add [eax],al
00002CF8  0000              add [eax],al
00002CFA  0000              add [eax],al
00002CFC  0000              add [eax],al
00002CFE  0000              add [eax],al
00002D00  0000              add [eax],al
00002D02  0000              add [eax],al
00002D04  0000              add [eax],al
00002D06  0000              add [eax],al
00002D08  0000              add [eax],al
00002D0A  0000              add [eax],al
00002D0C  0000              add [eax],al
00002D0E  0000              add [eax],al
00002D10  0000              add [eax],al
00002D12  0000              add [eax],al
00002D14  0000              add [eax],al
00002D16  0000              add [eax],al
00002D18  0000              add [eax],al
00002D1A  0000              add [eax],al
00002D1C  0000              add [eax],al
00002D1E  0000              add [eax],al
00002D20  0000              add [eax],al
00002D22  0000              add [eax],al
00002D24  0000              add [eax],al
00002D26  0000              add [eax],al
00002D28  0000              add [eax],al
00002D2A  0000              add [eax],al
00002D2C  0000              add [eax],al
00002D2E  0000              add [eax],al
00002D30  0000              add [eax],al
00002D32  0000              add [eax],al
00002D34  0000              add [eax],al
00002D36  0000              add [eax],al
00002D38  0000              add [eax],al
00002D3A  0000              add [eax],al
00002D3C  0000              add [eax],al
00002D3E  0000              add [eax],al
00002D40  0000              add [eax],al
00002D42  0000              add [eax],al
00002D44  0000              add [eax],al
00002D46  0000              add [eax],al
00002D48  0000              add [eax],al
00002D4A  0000              add [eax],al
00002D4C  0000              add [eax],al
00002D4E  0000              add [eax],al
00002D50  0000              add [eax],al
00002D52  0000              add [eax],al
00002D54  0000              add [eax],al
00002D56  0000              add [eax],al
00002D58  0000              add [eax],al
00002D5A  0000              add [eax],al
00002D5C  0000              add [eax],al
00002D5E  0000              add [eax],al
00002D60  0000              add [eax],al
00002D62  0000              add [eax],al
00002D64  0000              add [eax],al
00002D66  0000              add [eax],al
00002D68  0000              add [eax],al
00002D6A  0000              add [eax],al
00002D6C  0000              add [eax],al
00002D6E  0000              add [eax],al
00002D70  0000              add [eax],al
00002D72  0000              add [eax],al
00002D74  0000              add [eax],al
00002D76  0000              add [eax],al
00002D78  0000              add [eax],al
00002D7A  0000              add [eax],al
00002D7C  0000              add [eax],al
00002D7E  0000              add [eax],al
00002D80  0000              add [eax],al
00002D82  0000              add [eax],al
00002D84  0000              add [eax],al
00002D86  0000              add [eax],al
00002D88  0000              add [eax],al
00002D8A  0000              add [eax],al
00002D8C  0000              add [eax],al
00002D8E  0000              add [eax],al
00002D90  0000              add [eax],al
00002D92  0000              add [eax],al
00002D94  0000              add [eax],al
00002D96  0000              add [eax],al
00002D98  0000              add [eax],al
00002D9A  0000              add [eax],al
00002D9C  0000              add [eax],al
00002D9E  0000              add [eax],al
00002DA0  0000              add [eax],al
00002DA2  0000              add [eax],al
00002DA4  0000              add [eax],al
00002DA6  0000              add [eax],al
00002DA8  0000              add [eax],al
00002DAA  0000              add [eax],al
00002DAC  0000              add [eax],al
00002DAE  0000              add [eax],al
00002DB0  0000              add [eax],al
00002DB2  0000              add [eax],al
00002DB4  0000              add [eax],al
00002DB6  0000              add [eax],al
00002DB8  0000              add [eax],al
00002DBA  0000              add [eax],al
00002DBC  0000              add [eax],al
00002DBE  0000              add [eax],al
00002DC0  0000              add [eax],al
00002DC2  0000              add [eax],al
00002DC4  0000              add [eax],al
00002DC6  0000              add [eax],al
00002DC8  0000              add [eax],al
00002DCA  0000              add [eax],al
00002DCC  0000              add [eax],al
00002DCE  0000              add [eax],al
00002DD0  0000              add [eax],al
00002DD2  0000              add [eax],al
00002DD4  0000              add [eax],al
00002DD6  0000              add [eax],al
00002DD8  0000              add [eax],al
00002DDA  0000              add [eax],al
00002DDC  0000              add [eax],al
00002DDE  0000              add [eax],al
00002DE0  0000              add [eax],al
00002DE2  0000              add [eax],al
00002DE4  0000              add [eax],al
00002DE6  0000              add [eax],al
00002DE8  0000              add [eax],al
00002DEA  0000              add [eax],al
00002DEC  0000              add [eax],al
00002DEE  0000              add [eax],al
00002DF0  0000              add [eax],al
00002DF2  0000              add [eax],al
00002DF4  0000              add [eax],al
00002DF6  0000              add [eax],al
00002DF8  0000              add [eax],al
00002DFA  0000              add [eax],al
00002DFC  0000              add [eax],al
00002DFE  0000              add [eax],al
00002E00  0000              add [eax],al
00002E02  0000              add [eax],al
00002E04  0000              add [eax],al
00002E06  0000              add [eax],al
00002E08  0000              add [eax],al
00002E0A  0000              add [eax],al
00002E0C  0000              add [eax],al
00002E0E  0000              add [eax],al
00002E10  0000              add [eax],al
00002E12  0000              add [eax],al
00002E14  0000              add [eax],al
00002E16  0000              add [eax],al
00002E18  0000              add [eax],al
00002E1A  0000              add [eax],al
00002E1C  0000              add [eax],al
00002E1E  0000              add [eax],al
00002E20  0000              add [eax],al
00002E22  0000              add [eax],al
00002E24  0000              add [eax],al
00002E26  0000              add [eax],al
00002E28  0000              add [eax],al
00002E2A  0000              add [eax],al
00002E2C  0000              add [eax],al
00002E2E  0000              add [eax],al
00002E30  0000              add [eax],al
00002E32  0000              add [eax],al
00002E34  0000              add [eax],al
00002E36  0000              add [eax],al
00002E38  0000              add [eax],al
00002E3A  0000              add [eax],al
00002E3C  0000              add [eax],al
00002E3E  0000              add [eax],al
00002E40  0000              add [eax],al
00002E42  0000              add [eax],al
00002E44  0000              add [eax],al
00002E46  0000              add [eax],al
00002E48  0000              add [eax],al
00002E4A  0000              add [eax],al
00002E4C  0000              add [eax],al
00002E4E  0000              add [eax],al
00002E50  0000              add [eax],al
00002E52  0000              add [eax],al
00002E54  0000              add [eax],al
00002E56  0000              add [eax],al
00002E58  0000              add [eax],al
00002E5A  0000              add [eax],al
00002E5C  0000              add [eax],al
00002E5E  0000              add [eax],al
00002E60  0000              add [eax],al
00002E62  0000              add [eax],al
00002E64  0000              add [eax],al
00002E66  0000              add [eax],al
00002E68  0000              add [eax],al
00002E6A  0000              add [eax],al
00002E6C  0000              add [eax],al
00002E6E  0000              add [eax],al
00002E70  0000              add [eax],al
00002E72  0000              add [eax],al
00002E74  0000              add [eax],al
00002E76  0000              add [eax],al
00002E78  0000              add [eax],al
00002E7A  0000              add [eax],al
00002E7C  0000              add [eax],al
00002E7E  0000              add [eax],al
00002E80  0000              add [eax],al
00002E82  0000              add [eax],al
00002E84  0000              add [eax],al
00002E86  0000              add [eax],al
00002E88  0000              add [eax],al
00002E8A  0000              add [eax],al
00002E8C  0000              add [eax],al
00002E8E  0000              add [eax],al
00002E90  0000              add [eax],al
00002E92  0000              add [eax],al
00002E94  0000              add [eax],al
00002E96  0000              add [eax],al
00002E98  0000              add [eax],al
00002E9A  0000              add [eax],al
00002E9C  0000              add [eax],al
00002E9E  0000              add [eax],al
00002EA0  0000              add [eax],al
00002EA2  0000              add [eax],al
00002EA4  0000              add [eax],al
00002EA6  0000              add [eax],al
00002EA8  0000              add [eax],al
00002EAA  0000              add [eax],al
00002EAC  0000              add [eax],al
00002EAE  0000              add [eax],al
00002EB0  0000              add [eax],al
00002EB2  0000              add [eax],al
00002EB4  0000              add [eax],al
00002EB6  0000              add [eax],al
00002EB8  0000              add [eax],al
00002EBA  0000              add [eax],al
00002EBC  0000              add [eax],al
00002EBE  0000              add [eax],al
00002EC0  0000              add [eax],al
00002EC2  0000              add [eax],al
00002EC4  0000              add [eax],al
00002EC6  0000              add [eax],al
00002EC8  0000              add [eax],al
00002ECA  0000              add [eax],al
00002ECC  0000              add [eax],al
00002ECE  0000              add [eax],al
00002ED0  0000              add [eax],al
00002ED2  0000              add [eax],al
00002ED4  0000              add [eax],al
00002ED6  0000              add [eax],al
00002ED8  0000              add [eax],al
00002EDA  0000              add [eax],al
00002EDC  0000              add [eax],al
00002EDE  0000              add [eax],al
00002EE0  0000              add [eax],al
00002EE2  0000              add [eax],al
00002EE4  0000              add [eax],al
00002EE6  0000              add [eax],al
00002EE8  0000              add [eax],al
00002EEA  0000              add [eax],al
00002EEC  0000              add [eax],al
00002EEE  0000              add [eax],al
00002EF0  0000              add [eax],al
00002EF2  0000              add [eax],al
00002EF4  0000              add [eax],al
00002EF6  0000              add [eax],al
00002EF8  0000              add [eax],al
00002EFA  0000              add [eax],al
00002EFC  0000              add [eax],al
00002EFE  0000              add [eax],al
00002F00  0000              add [eax],al
00002F02  0000              add [eax],al
00002F04  0000              add [eax],al
00002F06  0000              add [eax],al
00002F08  0000              add [eax],al
00002F0A  0000              add [eax],al
00002F0C  0000              add [eax],al
00002F0E  0000              add [eax],al
00002F10  0000              add [eax],al
00002F12  0000              add [eax],al
00002F14  0000              add [eax],al
00002F16  0000              add [eax],al
00002F18  0000              add [eax],al
00002F1A  0000              add [eax],al
00002F1C  0000              add [eax],al
00002F1E  0000              add [eax],al
00002F20  0000              add [eax],al
00002F22  0000              add [eax],al
00002F24  0000              add [eax],al
00002F26  0000              add [eax],al
00002F28  0000              add [eax],al
00002F2A  0000              add [eax],al
00002F2C  0000              add [eax],al
00002F2E  0000              add [eax],al
00002F30  0000              add [eax],al
00002F32  0000              add [eax],al
00002F34  0000              add [eax],al
00002F36  0000              add [eax],al
00002F38  0000              add [eax],al
00002F3A  0000              add [eax],al
00002F3C  0000              add [eax],al
00002F3E  0000              add [eax],al
00002F40  0000              add [eax],al
00002F42  0000              add [eax],al
00002F44  0000              add [eax],al
00002F46  0000              add [eax],al
00002F48  0000              add [eax],al
00002F4A  0000              add [eax],al
00002F4C  0000              add [eax],al
00002F4E  0000              add [eax],al
00002F50  0000              add [eax],al
00002F52  0000              add [eax],al
00002F54  0000              add [eax],al
00002F56  0000              add [eax],al
00002F58  0000              add [eax],al
00002F5A  0000              add [eax],al
00002F5C  0000              add [eax],al
00002F5E  0000              add [eax],al
00002F60  0000              add [eax],al
00002F62  0000              add [eax],al
00002F64  0000              add [eax],al
00002F66  0000              add [eax],al
00002F68  0000              add [eax],al
00002F6A  0000              add [eax],al
00002F6C  0000              add [eax],al
00002F6E  0000              add [eax],al
00002F70  0000              add [eax],al
00002F72  0000              add [eax],al
00002F74  0000              add [eax],al
00002F76  0000              add [eax],al
00002F78  0000              add [eax],al
00002F7A  0000              add [eax],al
00002F7C  0000              add [eax],al
00002F7E  0000              add [eax],al
00002F80  0000              add [eax],al
00002F82  0000              add [eax],al
00002F84  0000              add [eax],al
00002F86  0000              add [eax],al
00002F88  0000              add [eax],al
00002F8A  0000              add [eax],al
00002F8C  0000              add [eax],al
00002F8E  0000              add [eax],al
00002F90  0000              add [eax],al
00002F92  0000              add [eax],al
00002F94  0000              add [eax],al
00002F96  0000              add [eax],al
00002F98  0000              add [eax],al
00002F9A  0000              add [eax],al
00002F9C  0000              add [eax],al
00002F9E  0000              add [eax],al
00002FA0  0000              add [eax],al
00002FA2  0000              add [eax],al
00002FA4  0000              add [eax],al
00002FA6  0000              add [eax],al
00002FA8  0000              add [eax],al
00002FAA  0000              add [eax],al
00002FAC  0000              add [eax],al
00002FAE  0000              add [eax],al
00002FB0  0000              add [eax],al
00002FB2  0000              add [eax],al
00002FB4  0000              add [eax],al
00002FB6  0000              add [eax],al
00002FB8  0000              add [eax],al
00002FBA  0000              add [eax],al
00002FBC  0000              add [eax],al
00002FBE  0000              add [eax],al
00002FC0  0000              add [eax],al
00002FC2  0000              add [eax],al
00002FC4  0000              add [eax],al
00002FC6  0000              add [eax],al
00002FC8  0000              add [eax],al
00002FCA  0000              add [eax],al
00002FCC  0000              add [eax],al
00002FCE  0000              add [eax],al
00002FD0  0000              add [eax],al
00002FD2  0000              add [eax],al
00002FD4  0000              add [eax],al
00002FD6  0000              add [eax],al
00002FD8  0000              add [eax],al
00002FDA  0000              add [eax],al
00002FDC  0000              add [eax],al
00002FDE  0000              add [eax],al
00002FE0  0000              add [eax],al
00002FE2  0000              add [eax],al
00002FE4  0000              add [eax],al
00002FE6  0000              add [eax],al
00002FE8  0000              add [eax],al
00002FEA  0000              add [eax],al
00002FEC  0000              add [eax],al
00002FEE  0000              add [eax],al
00002FF0  0000              add [eax],al
00002FF2  0000              add [eax],al
00002FF4  0000              add [eax],al
00002FF6  0000              add [eax],al
00002FF8  0000              add [eax],al
00002FFA  0000              add [eax],al
00002FFC  0000              add [eax],al
00002FFE  0000              add [eax],al
00003000  0000              add [eax],al
00003002  0000              add [eax],al
00003004  0000              add [eax],al
00003006  0000              add [eax],al
00003008  0000              add [eax],al
0000300A  0000              add [eax],al
0000300C  0000              add [eax],al
0000300E  0000              add [eax],al
00003010  0000              add [eax],al
00003012  0000              add [eax],al
00003014  0000              add [eax],al
00003016  0000              add [eax],al
00003018  0000              add [eax],al
0000301A  0000              add [eax],al
0000301C  0000              add [eax],al
0000301E  0000              add [eax],al
00003020  0000              add [eax],al
00003022  0000              add [eax],al
00003024  0000              add [eax],al
00003026  0000              add [eax],al
00003028  0000              add [eax],al
0000302A  0000              add [eax],al
0000302C  0000              add [eax],al
0000302E  0000              add [eax],al
00003030  0000              add [eax],al
00003032  0000              add [eax],al
00003034  0000              add [eax],al
00003036  0000              add [eax],al
00003038  0000              add [eax],al
0000303A  0000              add [eax],al
0000303C  0000              add [eax],al
0000303E  0000              add [eax],al
00003040  0000              add [eax],al
00003042  0000              add [eax],al
00003044  0000              add [eax],al
00003046  0000              add [eax],al
00003048  0000              add [eax],al
0000304A  0000              add [eax],al
0000304C  0000              add [eax],al
0000304E  0000              add [eax],al
00003050  0000              add [eax],al
00003052  0000              add [eax],al
00003054  0000              add [eax],al
00003056  0000              add [eax],al
00003058  0000              add [eax],al
0000305A  0000              add [eax],al
0000305C  0000              add [eax],al
0000305E  0000              add [eax],al
00003060  0000              add [eax],al
00003062  0000              add [eax],al
00003064  0000              add [eax],al
00003066  0000              add [eax],al
00003068  0000              add [eax],al
0000306A  0000              add [eax],al
0000306C  0000              add [eax],al
0000306E  0000              add [eax],al
00003070  0000              add [eax],al
00003072  0000              add [eax],al
00003074  0000              add [eax],al
00003076  0000              add [eax],al
00003078  0000              add [eax],al
0000307A  0000              add [eax],al
0000307C  0000              add [eax],al
0000307E  0000              add [eax],al
00003080  0000              add [eax],al
00003082  0000              add [eax],al
00003084  0000              add [eax],al
00003086  0000              add [eax],al
00003088  0000              add [eax],al
0000308A  0000              add [eax],al
0000308C  0000              add [eax],al
0000308E  0000              add [eax],al
00003090  0000              add [eax],al
00003092  0000              add [eax],al
00003094  0000              add [eax],al
00003096  0000              add [eax],al
00003098  0000              add [eax],al
0000309A  0000              add [eax],al
0000309C  0000              add [eax],al
0000309E  0000              add [eax],al
000030A0  0000              add [eax],al
000030A2  0000              add [eax],al
000030A4  0000              add [eax],al
000030A6  0000              add [eax],al
000030A8  0000              add [eax],al
000030AA  0000              add [eax],al
000030AC  0000              add [eax],al
000030AE  0000              add [eax],al
000030B0  0000              add [eax],al
000030B2  0000              add [eax],al
000030B4  0000              add [eax],al
000030B6  0000              add [eax],al
000030B8  0000              add [eax],al
000030BA  0000              add [eax],al
000030BC  0000              add [eax],al
000030BE  0000              add [eax],al
000030C0  0000              add [eax],al
000030C2  0000              add [eax],al
000030C4  0000              add [eax],al
000030C6  0000              add [eax],al
000030C8  0000              add [eax],al
000030CA  0000              add [eax],al
000030CC  0000              add [eax],al
000030CE  0000              add [eax],al
000030D0  0000              add [eax],al
000030D2  0000              add [eax],al
000030D4  0000              add [eax],al
000030D6  0000              add [eax],al
000030D8  0000              add [eax],al
000030DA  0000              add [eax],al
000030DC  0000              add [eax],al
000030DE  0000              add [eax],al
000030E0  0000              add [eax],al
000030E2  0000              add [eax],al
000030E4  0000              add [eax],al
000030E6  0000              add [eax],al
000030E8  0000              add [eax],al
000030EA  0000              add [eax],al
000030EC  0000              add [eax],al
000030EE  0000              add [eax],al
000030F0  0000              add [eax],al
000030F2  0000              add [eax],al
000030F4  0000              add [eax],al
000030F6  1000              adc [eax],al
